x1,x2,y
-1.50551857383165,2.704285838459497,0.0
2.7839273017368615,0.5919509051822196,1.0
-4.127776314690761,-2.0640328779827843,0.0
-5.302996653981607,2.1970568746496113,1.0
1.213380140918506,1.2484354667762734,1.0
-5.752986068450371,2.819459112971966,1.0
3.98931168960506,-1.725965335930343,0.0
-3.8181003935147926,-1.899572940879397,0.0
-2.3490930844855473,0.14853858979342682,0.0
-0.8166597762946104,-1.2526251588117485,0.0
1.3422347366685532,-2.163036836087749,0.0
-2.494264217577382,-0.8018289402378498,0.0
-0.5271601893955689,1.7110557683580812,0.0
-3.603914614099683,0.08540663048166941,1.0
1.1089748263445092,-2.721297523680014,0.0
1.2905382228172604,-1.9768552578762508,0.0
-5.219380884176646,2.6933132235199997,1.0
5.587584396894712,1.8503840886987666,0.0
-2.3446347699195518,-2.413967315961697,1.0
2.210796318145883,-0.3590850375623922,1.0
-4.535541181862654,-0.028938539332378888,0.0
-5.587337746617379,2.4559224124726926,1.0
-2.894640220799797,0.9751337061238918,0.0
-2.2594670869270685,0.12040812706686488,0.0
0.5605233521193558,-1.8908732668468378,0.0
5.635015533174702,1.6507969401666873,0.0
5.273987298770269,2.3689641025658927,1.0
1.1747997457330221,2.531245410138701,0.0
-4.9380899753769665,-1.8241028254851288,1.0
-5.457272533073543,-1.048018015420414,0.0
-1.3358725237262163,-1.3719058093566245,0.0
3.944850109823152,-0.8594800398384645,0.0
-2.628785883751431,0.25617649894949057,0.0
-4.308909300302848,1.813181884524238,0.0
-5.10539227584275,2.9213216196031038,1.0
3.26693723155989,-1.8077059107949656,1.0
-5.933734594516771,1.8927685707290047,0.0
2.4822881261714045,1.3740430082459234,1.0
3.2552441602313493,-2.555732089595458,1.0
-1.6984112574687291,-2.3047856428492217,0.0
4.357241110507122,0.7397887609653475,0.0
-2.0292237017682098,-2.6186498982838584,0.0
-2.2682121394120536,-1.0489000678395177,0.0
2.7552741400567697,0.8253448281312785,1.0
4.6465529109159185,-0.16671044902830445,1.0
-4.56486904874038,1.2794687233379705,1.0
3.1294205834027693,0.3676631854169772,0.0
3.251606159454731,-0.03722642181365554,0.0
0.27279395258392825,-0.434753889848702,1.0
-5.694970479070857,-2.3526514380401733,0.0
-5.6228497717591885,0.8184624675826822,0.0
-2.22772822708408,0.051424146988216624,0.0
4.890797687113116,-1.5042466251067503,1.0
-1.0754049235724432,1.533306831258292,0.0
-3.2544220141005304,-2.538120541027242,0.0
-2.5229825650347837,-2.0326722764759735,1.0
5.156371828110878,1.8487222773865017,1.0
1.6008450781250811,2.2287635411263063,1.0
3.644064922789374,-1.880579646683785,0.0
4.710707981879732,0.23605345149390455,1.0
3.68928186196875,2.376547799540959,0.0
-2.1839583003376335,-2.3396884528339394,0.0
-3.2647780494967,-0.4373532682424619,0.0
3.816177191069917,2.1643834995380606,0.0
-5.916574433625712,0.06448381546539439,0.0
-0.9910679622146521,-1.6673531371756185,0.0
-4.561615591995807,-0.9743089715782323,1.0
5.31491644695023,-1.0607824078754686,1.0
0.22548746092039273,1.2181137533710675,0.0
-1.6364447714484722,2.8306924963257636,0.0
5.549367539305335,-1.489306225047815,0.0
-0.03301792929137459,-1.194730141099382,1.0
-2.5819140674703887,-2.7786783158728032,1.0
1.3147720077587621,0.016074139373168705,0.0
-5.382254985000127,-1.3281212145803314,0.0
4.8991906315998435,-1.5626286559981655,1.0
-4.261261534905323,-0.06328343833462213,1.0
5.827805449327208,-1.5476683709309975,0.0
2.0656265688705417,1.569717691972306,1.0
-3.148349472091204,1.3692980916711575,1.0
-1.5866024073689609,0.7938349835614771,0.0
1.602356529130736,0.21464810444855065,0.0
-4.9165227593471,2.0118149735354276,1.0
-2.15063922033917,-1.8808889376008746,0.0
-5.510698301342833,0.5453576591294507,0.0
2.130772342107388,-2.900473026432863,0.0
0.1451166995913713,-1.6410253488123723,1.0
1.7420734849133979,-1.9538014259700514,0.0
2.2912528572295905,-0.6795879221967756,1.0
5.240759864840815,-2.1748743351240405,1.0
-1.9072037873968979,-2.3191588725564656,0.0
5.0963234193427525,2.264036120285886,1.0
-2.9047004674181327,0.9599042762050742,0.0
3.8066664024145904,0.33120486959677375,0.0
0.35580694027207826,-1.54888625459729,0.0
-4.88276678632921,2.3832945477199603,1.0
4.805016685959966,0.7986087436396074,1.0
-1.9316425074155923,-0.9047425523240347,0.0
2.711468146442872,2.382661559715462,0.0
4.645037091181408,1.6792532751457436,1.0
1.7043797538514536,-2.495160210029707,0.0
-4.060455430864635,2.3913251311624757,0.0
1.2771487159150787,-2.944817690300222,0.0
-4.782341485607615,0.9810106146483348,1.0
-5.939260993845376,-2.035151691495008,0.0
0.584805472399033,1.15137118615616,1.0
1.8235351140312064,-1.6543841432366413,0.0
2.546150656170431,-1.5765054750191996,1.0
-2.0952036220887873,1.4789484307081446,0.0
1.795594788566576,2.0953404629650674,1.0
1.8913547076041208,0.4098516200128297,0.0
-4.87590278606289,-0.7937051816433991,1.0
-2.8175715878192946,-1.5360621397254985,1.0
5.6761266570293465,-0.6414136519994376,0.0
4.7045586621253594,0.7868317559835774,1.0
3.537735642499781,0.015822558631152894,0.0
0.9228466155163098,-0.044893837086816824,1.0
-3.657084146423466,1.334712691569032,1.0
-2.6307316507097305,-2.854104201411277,1.0
1.7456675508860133,-1.9373359235577063,0.0
5.285503012234972,2.7235714620155242,1.0
4.978372682645382,-0.7790477984673334,1.0
-5.814520601653591,2.5699113755263525,0.0
-0.8617902201922281,2.7999289142620176,0.0
5.563439725071035,2.1180567328041606,0.0
-2.4666132951649717,-0.6894136283884484,0.0
4.213640058202284,-1.098467969062334,0.0
-3.96608703976689,0.3408075747501007,1.0
5.233857289929372,1.1761787800498382,1.0
0.8407340410723796,-2.4169410373753886,0.0
1.3800867203900369,2.94032310062558,0.0
-4.318991817161711,0.1099779141824202,1.0
4.528476863135465,1.4446117065252269,1.0
2.364188891943215,1.2149045039226554,1.0
-1.686106185362938,-1.2384489344130398,0.0
3.7123338657421634,1.8606803680750845,0.0
4.4048678229612435,2.479443315338828,0.0
0.13610878633125356,0.009097768123197625,1.0
3.579542147601302,0.8997835846665909,0.0
2.4236025270924397,1.7747560166166068,1.0
4.680064101810796,-0.9720290588907852,1.0
-1.4930045683206714,-2.436108360954786,0.0
0.9393616919540877,-2.7843463572195475,0.0
-0.4128237824104781,0.25586780824545974,0.0
-2.561504974460587,0.5449995634140645,0.0
-5.633997000731407,-2.7759108675047135,1.0
3.871206727915899,-0.8388561515324229,0.0
-4.475273848177382,0.13345956032882622,1.0
3.23992263718333,-1.705073835018941,1.0
1.4746857098280035,-2.487915210037392,0.0
-5.379819345976708,0.1881277894088882,0.0
0.48762145932127865,0.8245794089892393,1.0
2.7130960046719395,2.855112476775208,0.0
0.19560417961434418,-1.0622611623525242,1.0
3.5422343372244445,-1.3750064924275547,0.0
-0.7323429515323667,-2.529261711946404,1.0
-5.69579107901451,2.7758904880675503,1.0
4.03176144614647,1.1758452365621874,0.0
-1.0925646670287614,-1.9602340795749253,0.0
-4.122755487946968,-1.498542611012428,0.0
0.5907199764734461,1.2875755362003742,0.0
1.9223685206127747,-1.320396618324343,1.0
5.45838336795833,1.4273815001746115,1.0
0.6522486301368087,0.6703244774061137,1.0
-0.9647992508665215,-1.5136140629930552,0.0
-1.728327856184861,1.547076662786215,0.0
-5.82727813644293,-2.303564156958503,0.0
-5.447968295738967,-2.755627186086179,1.0
4.265527008132086,1.2219471562801418,0.0
-0.3099140509520977,-2.4129950360939914,1.0
-0.10060949859801127,-0.1591693753166057,0.0
-3.921577561079818,-0.39689010457216156,1.0
-1.2179431872315192,0.6951005883132986,0.0
1.621123810411726,-2.728175941367733,0.0
-1.5046486244823454,0.7551594942854183,0.0
0.03763510296105288,2.1389390471299334,0.0
1.9043235794273397,-2.022393437511422,0.0
-5.153175031194841,0.8545156692378937,0.0
-5.681864273500539,0.5146534876407798,0.0
5.2827628970994915,0.45284506725527374,1.0
-1.341960885521737,0.8597293106541191,0.0
-0.5009653141018005,0.2737007358956096,0.0
5.297577705318302,-0.6833841731953543,1.0
5.534286765886971,2.4321038517363824,0.0
-3.6505063825284427,-2.5838321947490073,0.0
-4.79066398347088,-2.890669046090702,0.0
-4.86668447092886,1.0980406404981409,1.0
-5.145736218477252,-1.0861462182374322,0.0
4.138503731633454,-2.860368385585045,0.0
3.77362179106723,-1.3088713513596004,0.0
-4.582022068540125,1.180422992184904,1.0
1.5473141613586083,2.264832081162318,1.0
2.820852525646629,1.8208855823090913,0.0
-2.615585129144322,-1.935362737321663,1.0
3.007377019690299,1.8410084356035838,0.0
5.88606170400808,-0.5242939385314411,0.0
-1.5357829704866024,1.6584777644519813,0.0
-1.9103575169637859,2.584543953621388,0.0
4.300953022116142,-0.4260358357498899,0.0
3.0104528134979684,1.5272572445080943,0.0
-4.762513573968809,2.4153174400774002,1.0
0.06302846937428619,1.9587447966464495,0.0
-2.159404787632659,2.373139370977203,0.0
-1.3295798551900422,-2.93497409111821,1.0
4.864583717031163,-2.4522799392831987,1.0
-2.1682363489150216,2.7003718023048293,1.0
5.407285763250673,0.44062732873971644,1.0
1.5820465460375912,-0.30932686813008115,0.0
-2.4814707396232256,-1.0280127277805042,0.0
2.0702214729244606,1.51424717662608,1.0
3.4989485247101832,1.7377088567673233,0.0
-4.905526763415716,-0.03347817178451118,0.0
-5.309294879800269,0.29717329394241343,0.0
-0.7016339835194758,2.3262250965497984,0.0
-1.7890198493750553,-2.297597901434365,0.0
-4.28409981536597,1.569063790304833,0.0
1.4186167597951327,-2.3932639432632588,0.0
-4.990718326620031,1.2058147887547204,1.0
-5.126843923629678,1.9311603557421373,1.0
2.474906725877954,-2.5119073161486014,1.0
-4.981947430977697,2.919837471007053,1.0
-1.5087504509265557,-0.7761471175986543,0.0
3.753594807090032,2.6834914643031524,0.0
5.832012765874451,1.5202691115536497,0.0
-1.4848849736290113,-2.4989956998079874,0.0
3.325762991129242,0.3504254984148303,0.0
-0.909335889036285,2.438126310568416,0.0
-4.6656302123261835,-0.0442493742548451,0.0
-5.863756262790972,-0.18803614803524216,0.0
-5.324360691817952,-2.2870925023915687,1.0
-4.589685038674741,0.8952618126963814,1.0
2.9525385511850786,0.500212590582958,0.0
5.546070581694503,-0.7507765228577759,0.0
-2.571454964617671,2.2115947691367612,1.0
-3.3168499377665683,2.779335236643668,0.0
-5.854146303722204,2.8192729602458346,1.0
-5.482081056593087,2.3468586821884267,1.0
0.33241330903559785,2.9577887767158018,0.0
-5.114441223175214,0.3231257064079247,0.0
5.631630427429187,0.1385870650208929,0.0
1.5527836576231504,1.1744921339077035,1.0
-0.5455072227867213,0.7653484805043806,0.0
1.0117717430772029,2.4069480629459337,0.0
-5.454643435902506,-1.314220862446618,0.0
5.404937808918705,2.341582703345498,1.0
-0.5321189665714448,0.7207955868092206,0.0
-2.671425804226408,-1.8712730416574321,1.0
-0.4356191407202141,-0.8798866318436831,1.0
1.0038733422104649,-2.5335921782100908,0.0
5.692737691993997,2.917264466877617,0.0
2.3779405682369408,0.21657819806472212,1.0
-2.285668604564067,1.8827701182416918,0.0
2.216774070646551,-2.024298363930652,0.0
4.93112621392611,1.9352234575390135,1.0
5.397598959503089,1.3543170503301596,1.0
1.3609823512294783,-0.49054178225628675,0.0
5.192741800248159,2.19638333700245,1.0
-5.457375958725727,-2.841798153016488,1.0
-1.4824395974634044,1.8633199846909978,0.0
5.847313551779333,-2.097498653378831,0.0
1.1295685842256216,-0.7146548602138711,0.0
5.638972773775238,2.0527135388142526,0.0
4.059944456533653,-0.18784104123017809,0.0
-1.0221659719480183,-1.3595575684157626,0.0
-5.323494040188875,2.188334257530319,1.0
3.7548121095609304,2.998306039716784,0.0
5.9596420448868646,0.3325902336157647,0.0
3.227848982166126,2.668594379294568,0.0
4.195768688128938,-1.515911389540814,0.0
-0.5934703762788782,-2.22504350909103,1.0
5.448612327104669,0.6370478067052803,1.0
-3.2562863339584474,1.0302041064351402,1.0
1.41753888549475,-0.8510236918029568,0.0
-4.637308893604452,1.0294391735567974,1.0
0.24369241084551962,1.633910350413836,0.0
0.24196201334392065,2.1130890019112405,0.0
0.6228820652938261,0.3656278292123174,1.0
4.51984323190014,-0.5791028027256178,1.0
-4.391817258592312,-2.827303942119966,0.0
3.0616470680834276,0.721857308120788,0.0
2.4489572171906833,-1.7222150309465356,1.0
-4.363542292958763,-2.9127320059927087,0.0
-1.7929492943208363,0.5395061211277987,0.0
-1.2930714588032117,-0.3751504678576256,0.0
4.8499043339249805,-0.9104671978601981,1.0
0.16787386991772912,1.7019180764468587,0.0
-1.241486612144758,0.7325202013672412,0.0
4.3483645049609425,2.6971237419458527,0.0
-4.235118228851545,2.559525750968966,0.0
-0.0946044830455417,-1.45053367020625,1.0
-0.4903709251408639,2.8801954517128623,0.0
-0.08858287208556526,-1.0274903382749507,1.0
1.6008102518007092,-1.5591262873308416,0.0
-5.0896400626960325,-2.2267216685361046,1.0
-4.46344993250673,-2.088583838926234,0.0
-4.334073928207078,0.8452484688192876,1.0
-3.817438987210262,-0.9259963000568208,1.0
4.761460918872142,-0.15623015842276589,1.0
2.010692862252327,-1.966080772790221,0.0
-3.6925317742959507,-2.754788302401127,0.0
-3.9727792431340254,-1.3284579658082483,0.0
-3.875874188679038,-2.467784797457666,0.0
-4.55236954679279,-0.23532739180364537,1.0
-3.52399537913049,-0.8143808337115472,1.0
0.04100725025828211,1.1423689717761913,0.0
-5.528254321906813,1.7964623934542558,0.0
1.5348046738908927,-2.5094458083067686,0.0
4.482943489281327,2.525234403190879,0.0
-5.2670644817416346,-1.3387341111167776,0.0
3.674415357516736,1.4895581423019504,0.0
-3.785747767723472,-1.7439040599797382,0.0
-1.5543347665034162,-0.09286208885387204,0.0
1.4190572583635515,-0.7865181625813653,0.0
-0.44958340640222527,1.4848256288025397,0.0
-5.559801565312825,-1.4853783339358755,0.0
2.5601950306146293,2.3712410261231955,1.0
0.14012930538799395,0.1926809115918937,1.0
-4.713935863922687,-0.31552579905927214,0.0
0.3914071974602784,-1.545176978191622,0.0
-2.7690812286074284,-0.7362950213722641,0.0
-5.759145626667284,-1.0675250065009303,0.0
-3.4626239160414642,-1.0350158869325121,1.0
-4.562854418168985,2.3431636844393697,0.0
1.123109442648584,1.0746139148669371,1.0
3.470054863288059,-0.009346806425656329,0.0
-4.956956542950916,0.22263925091128645,0.0
1.04209341625055,1.4726368451059795,1.0
-0.8200854452438477,-2.2345181832266174,1.0
-2.5946891304153064,-0.8215062216081894,0.0
1.7510068959792147,0.4246698280134713,0.0
-1.726839289225845,2.919091492757878,0.0
1.2692978322826463,-1.5766392495840331,0.0
-4.778610328555155,-2.0828451648940076,1.0
-3.0485072593859024,-2.0359117604426658,1.0
-3.761195711384331,-1.2894289878369174,1.0
-3.919516856462942,2.3805925477585514,0.0
-5.0371950520602935,0.14706833742152803,0.0
-1.0752380761240623,2.894271701451638,0.0
-4.655533173983372,-0.6128664057255504,1.0
5.633645199304427,2.193042755363882,0.0
3.8048648513913594,-1.452583037730361,0.0
-3.94934895131921,1.011859319546586,1.0
5.152511869531029,0.3405773580835785,1.0
0.8593522736387982,-1.320125438038295,1.0
3.2339151983032437,-1.8777375086548598,1.0
-2.115849163149076,-0.44738136830149955,0.0
0.09132454421346026,-1.5455416055095186,1.0
-4.621958103129558,0.6637202546497956,1.0
-2.5364333611169307,0.4874293285356739,0.0
-4.147647416709573,-0.11315938887109489,1.0
0.39107319061903034,-2.6890587790654386,0.0
-1.9607486616729535,-2.1935119383661545,0.0
-5.239500354326787,2.939761394339671,1.0
-2.1317538603033244,1.8592466751278094,0.0
-2.944312142834834,1.0890163333435758,0.0
3.1227343186762386,0.5738324436470656,0.0
-0.34108573739809955,-0.5289545151163888,0.0
-1.813580801484056,2.5771748654869553,0.0
3.9674328934527487,2.790161463999075,0.0
-4.508433318173463,1.3852048512218653,1.0
5.260085481852453,-1.912601603006039,1.0
-5.20204479159867,1.4467238957403543,1.0
0.8936773581589428,2.0509726605496326,0.0
-4.322731480484526,1.771603871159341,0.0
-3.5804721594270656,-2.018064342805773,0.0
-4.028810424828085,1.8874483213882929,0.0
1.982366648354402,0.13839254861471595,1.0
-1.6940341905179697,2.2632032448786497,0.0
-1.2906587109283754,1.8995966368294628,0.0
-0.7303810971573785,-0.7383334234505545,0.0
-0.4478425719647223,-1.1917327550151475,1.0
2.9713125621150134,0.016322340554874692,1.0
-3.2134476582381923,2.3974474396474106,1.0
-1.3933053435214635,0.26131716668393157,0.0
4.877665331574564,0.7454279754839526,1.0
-4.597223511499632,2.638992741680851,0.0
1.5324966368570143,-0.9905663120574832,0.0
-4.328735128039353,1.764151135621776,0.0
1.4408730711421622,0.2007665518579289,0.0
4.726710996611491,1.731583267347185,1.0
-4.179901443206986,-1.1296675932267106,1.0
-3.018130322226411,1.4636777554360618,1.0
-5.597610783170648,0.4193381092278994,0.0
3.1495042288882864,2.260593820570497,0.0
-1.89501901540911,1.9275438280320767,0.0
-4.672419156537513,2.0787137504071094,1.0
-4.470136052016211,-0.6162762566377964,1.0
3.5675443893546444,-2.1004954359073573,0.0
-3.248983257208302,1.3335154103583982,1.0
2.6404384385528914,0.846885797311784,1.0
2.3273813336051994,0.25634666008557705,1.0
-2.978411293116567,-0.9258240389764834,0.0
-3.820827398382892,2.4507033680017702,0.0
1.0007015371934456,-0.5948914994181607,0.0
-0.45593035627040734,2.683700037670892,0.0
-4.159783162607038,0.5173789921007836,1.0
0.07066414661359133,0.6687254126078868,0.0
-5.7826777941499135,2.2327434536649093,0.0
5.185419389803348,0.39079910153525343,1.0
2.359809886522708,2.534996287063774,1.0
2.486863611760784,-2.084765742514432,1.0
0.9154603220017581,0.6402902782971354,1.0
-0.9104319443713678,1.4186654137483368,0.0
5.212404177228178,2.553411077440658,1.0
-0.5899275431504147,-2.3205717249554683,1.0
5.818094387548015,2.033388518675604,0.0
-4.504047825560798,2.525051295704234,0.0
4.4387563447455385,0.11302834275643292,0.0
1.095305228939151,-0.6059837767792184,0.0
-5.342860334135624,-0.9888165501245947,0.0
3.6342413831761373,-2.972207861972383,0.0
-1.9980099397062698,-0.6109878384543403,0.0
0.448747235255075,2.519133698476563,0.0
-1.843848067608465,-0.9182807886226341,0.0
2.850014977316981,-0.28669235466115683,1.0
-3.3047421247202164,-0.28536290320383983,0.0
-4.309715755442402,-1.9416780809626601,0.0
-0.019586727126243098,-0.48644730297271277,1.0
4.978150812817201,-0.8256366053002013,1.0
0.967060203336521,0.7935857275171823,1.0
-5.842866520939996,0.9812242321002635,0.0
-3.863568397562983,2.766421904816731,0.0
-4.2160472669626445,-0.5122552576378574,1.0
-4.975803983056274,2.9812455110756844,0.0
0.026340123974911478,0.5723101039202625,0.0
-5.195082271338871,1.4997628223950663,1.0
-3.481132882852971,2.3883257366442825,0.0
-3.538324314215914,-1.8558736760180006,1.0
-5.561403985822862,-0.16759832934000451,0.0
0.7780935991513971,-2.605748163429886,0.0
3.3063314003401274,-0.28026699151183454,0.0
0.29268323193096,-0.3554235183706309,1.0
-1.1908432694960887,0.3578419878493073,0.0
-4.13711704883145,-1.9084312170283733,0.0
4.341427452162208,2.676692772801797,0.0
-1.5202882046429647,-1.3755319611386774,0.0
1.7279945188681891,-0.5475949734114218,0.0
-5.695363732075862,-2.063084415802858,0.0
2.5916667461687695,0.9535436514609081,1.0
-5.674848089958198,-1.6681670284023034,0.0
-3.2271024409431432,1.0313564615923703,1.0
-5.76347354694763,-2.375348508092557,0.0
3.598993024478272,-1.9287320276739983,0.0
1.8329532942224969,-1.5709033137196409,0.0
-4.806703286887858,-1.5409668540032755,1.0
2.66720318226791,2.1341788086377145,0.0
3.9626383748038982,-0.6168988222892713,0.0
2.017021638847755,-1.7700942275050742,0.0
-2.482227236867841,2.3780149111267184,1.0
-5.843976917871167,-2.4869488148731915,0.0
-3.505364938247672,-2.8408067767570815,0.0
-3.8227747789224322,0.49824936581815304,1.0
-0.9429053928900242,2.3560302664618487,0.0
3.8093227408612904,-0.9490958898127442,0.0
-2.88691879882449,-0.7218455509963988,0.0
1.0835393101776933,-1.3916181550627424,1.0
1.4897868941896082,-0.5435300868525577,0.0
0.6245661702237628,-0.3832408251880999,1.0
-2.466410885496988,2.69071984177294,1.0
3.1632695299171303,-2.1593209454012845,1.0
4.4216157107749545,-0.07541281050291815,0.0
4.734626722729097,1.799131535683891,1.0
-0.8974379463691982,-2.865184150079296,1.0
-2.775871687380647,0.2498052879652013,0.0
1.6017386379137672,-1.4526738874007863,1.0
-4.32772711112611,2.0095814207957945,0.0
5.812826168442626,0.15414109381611496,0.0
-3.939848569820358,-1.3661560408837863,0.0
-5.779311881430399,2.4857928393629942,0.0
-4.586987005318306,0.45909885308552134,1.0
-2.711337351753528,0.32506801509476047,0.0
1.8170446602223702,1.97845082224321,1.0
-3.5229447388727615,-2.934025028049117,0.0
-4.357372439174313,2.4001118510886306,0.0
4.4866809307501825,0.58447861302185,0.0
1.20620232520384,0.9902200472775329,1.0
-3.895544656518605,2.4864716755497582,0.0
-0.9747537012951231,-0.7011688305030153,0.0
0.22701246339405046,-2.7182041993496697,0.0
-4.004599574927047,1.4282016985582224,0.0
-5.006415984898482,0.6189126567983294,0.0
-3.0558106838241486,-0.6642263157481407,0.0
-2.5356751587516015,-0.8659637012103052,0.0
2.628550862210947,-1.2172697062609499,1.0
0.7968556835627663,-0.143697586805402,1.0
1.9640539843517777,2.6209784359485475,1.0
2.7908651665230035,-1.7103577284554594,1.0
-5.625802379264584,-1.4264157342010495,0.0
1.1409351684030575,-2.6914451190944977,0.0
-0.04360503358516432,0.581057093501335,0.0
-1.9890733101964706,1.6254732224749313,0.0
-4.720820962394738,-2.5491733095851474,0.0
2.738265074443241,-0.027052102762809227,1.0
2.260828757132833,-0.39103596837752264,1.0
-3.0431756011307183,1.914613906045198,1.0
3.5929905476277515,1.1681788251265601,0.0
-2.7342583532404476,0.5413840012145226,0.0
-1.668313236719678,-2.450507560040195,0.0
5.0077629055469135,-2.1790882144862316,1.0
5.402848245849629,-0.3239653622522658,1.0
-3.7784048539365642,0.2514056842701491,1.0
4.4753500305169,1.3933493184573669,0.0
3.678733774337397,0.9527002002643039,0.0
2.307318774214229,2.0951739093919155,1.0
-3.0039838936897687,-0.06345021814115714,0.0
-3.3454866981647733,2.926008047979882,0.0
5.328712076239359,-2.7634391317889646,1.0
2.4669020701882616,2.5514899044939945,1.0
-3.8330958584719976,0.407671383315777,1.0
4.985859571056501,-2.7963241284852067,1.0
2.369043206962079,-1.2159059557646954,1.0
5.092754344518365,2.8263494709922066,1.0
5.3311978693612065,-0.1547147000552176,1.0
4.344511811871762,2.067296391210422,0.0
-2.1707943210809324,1.9734928449040643,0.0
-5.5559083834140885,0.5776192708923182,0.0
-3.2398939525475634,-2.276598685336327,1.0
-5.07656158044949,1.177732655268839,1.0
-1.9215004347832068,1.3486006291725685,0.0
-5.215723910412692,-1.108257973016338,0.0
0.4738955085040466,1.744338989033781,0.0
-2.174969964815161,0.7553482586220546,0.0
4.631732978834245,0.6951791290938276,1.0
-3.204486302956395,-2.853595310660772,0.0
4.441186486811159,-2.8723835348976774,0.0
4.496420072210393,0.17362280416327192,0.0
5.268812382154755,1.7926994146419926,1.0
5.97520932640005,-0.8957291072897391,0.0
3.2062594671735223,-0.588414518344547,0.0
-0.2414925563530943,0.7650327793102205,0.0
4.484125370236065,2.904500815195771,0.0
3.2192809663742175,-0.49339930699599766,0.0
-0.9437159726751574,1.4254938095333491,0.0
-3.134674250780372,-2.337155321211632,1.0
-1.7445341083106811,-1.2765660500755096,0.0
-2.444302554528119,-1.5983534937005404,0.0
-5.494881724363657,-2.892756391599517,1.0
5.852668676832378,-0.43336119758482594,0.0
-1.3880802340838194,1.0778836961584188,0.0
-3.38095334561923,2.699767103701352,0.0
3.436140172986624,-2.4635339861264427,0.0
-0.9890306905808597,2.274709845372988,0.0
5.336784267496924,-0.19559093250078163,1.0
1.360936670528492,-1.9977963234475486,0.0
5.8940235136437185,-1.6099697916993396,0.0
5.312781289621508,0.8978798939542108,1.0
1.292841538546309,0.07613106609905174,0.0
-3.2319622593868957,-1.9408318079669504,1.0
-3.3541654911578958,-1.881370427134473,1.0
3.35501368280104,-0.8992484449996194,0.0
-5.305887881239244,2.8146157808448677,1.0
4.605430619561108,2.566513699171278,1.0
5.938893871757223,-1.9566285046830763,0.0
-1.245095773168095,1.549430854224548,0.0
2.3522474166455076,-2.0766245619608696,1.0
3.789997499887413,-1.653356568980036,0.0
-3.314188622128523,0.22184653736048165,0.0
1.1152792181004383,0.48051724702686727,1.0
-4.9021579512269415,2.2647651757822818,1.0
-2.8127994889355272,-2.222910472303175,1.0
4.664976958427726,2.73390898937852,1.0
4.345531407185408,1.8570964483492682,0.0
1.8629037676682607,0.30514422365483584,0.0
-4.956158881063079,-0.5492807215758075,0.0
-1.5277377958522322,-1.4414772974380428,0.0
2.68104136426302,-0.024745589527375156,1.0
-5.027445409108225,-1.678900788301132,1.0
2.199105163915151,-2.543214843058199,0.0
4.214482968585225,-0.029120837916154052,0.0
-0.23296107208022399,0.5544467079571058,0.0
3.8961715911017905,-0.9131447525868417,0.0
2.1361938307087627,0.39439178397474617,1.0
-2.795660757966944,2.2717799181309477,1.0
3.5691122592831377,0.9507110079505532,0.0
4.206980749130903,2.203765205758814,0.0
2.5003557205804174,2.0220799701820322,1.0
2.3696575400314046,1.0808446305618027,1.0
1.4233365385822117,1.5162998373458478,1.0
-4.096738736483116,2.2852245551935706,0.0
4.4621223329427835,-2.824516301792645,0.0
3.909801006777151,-2.226780795159329,0.0
-1.9785737488902972,1.4610495377496466,0.0
-4.070881247420301,1.9078021447143731,0.0
3.9856101354929034,0.04480640256501722,0.0
-5.9233695393979975,-1.2777712009505233,0.0
1.4031230205089065,2.8871170681645406,0.0
1.581762324200021,-1.4411785136150412,1.0
1.6080684371953362,0.23991227829513306,0.0
3.3581447418137227,-2.3581161670382498,1.0
3.1323348300243357,0.24759947205666144,0.0
5.555904046307935,-0.9487670037678835,0.0
1.591462717607378,2.592168633060105,1.0
-4.769883264111849,2.6233709234187064,0.0
2.2546286676097598,-2.5929776453689684,0.0
-2.388437196638205,1.2490325318716895,0.0
-5.19179278237474,0.49302276105763987,0.0
-1.8494033165645192,0.7254931066048629,0.0
-5.451095594249846,2.2292208369142577,1.0
5.681867630128764,2.8132671317141487,0.0
2.995821980915096,-2.219482559216208,1.0
3.0991583511482705,-2.852478501247191,1.0
-5.734517381652033,-1.0583386851027525,0.0
-0.136281715144011,1.622444506846759,0.0
2.199544519278062,-0.3245837617395102,1.0
-2.7164800046200095,2.982747000946267,1.0
-0.8858243731683242,-0.29167785402194735,0.0
-4.03651414569997,1.7688572924995762,0.0
2.324186709377864,-1.6753823232674376,1.0
-5.011427452609888,1.0829958124482788,1.0
1.8541345713736224,-1.360442838010744,1.0
5.410362747004925,-2.0936526493145986,1.0
-0.8119823874887775,2.6616955210055933,0.0
-0.9632721968865319,0.8311556859845135,0.0
-1.2288672244464687,-1.3547087859079798,0.0
5.807731775517938,-0.5439959621097419,0.0
4.729190444149612,-1.620272364653483,1.0
-3.4427435516990004,-2.813195502692932,0.0
1.8200019045106206,-0.7888419376574332,0.0
4.372298998075644,-0.16074055985065705,0.0
5.618321134976661,-1.8868469057812731,0.0
4.42347801546733,1.6595811167504504,0.0
3.251062135728624,2.068699368701326,0.0
3.132287891315986,0.7573219297884926,0.0
-4.425061467811349,-2.8048429230524885,0.0
5.050174173788243,0.6999018871244282,1.0
3.558447491714116,-0.11086589092469978,0.0
-4.592301732451267,-2.248885246784697,0.0
2.226783446747657,-0.41816463060322384,1.0
-3.5937032795959594,-0.050432719551378735,1.0
-5.229492755098391,0.49182841148639245,0.0
-2.772079146778828,1.7853546038231292,1.0
-2.275656492917115,-0.26867910550919305,0.0
-5.860553521102792,-2.565318673232647,0.0
-1.2900773231197817,-0.12036699169725917,0.0
1.2002465774316446,-1.2500245277441806,1.0
2.33978263351851,2.1607343831352273,1.0
3.358211866720197,-2.762287047909857,1.0
-0.2339166329060527,-2.370418929490951,1.0
-3.0954598096496704,2.9199755596028787,0.0
-4.290053485181842,-0.006671079291863613,1.0
1.4178688118174296,1.2147898232646241,1.0
0.7157842018429692,-2.9413749154848983,0.0
-2.0824643010720973,0.10626986030826835,0.0
-4.945602010262,-0.8962384127449154,1.0
-5.601562694503601,-2.5285290170698755,1.0
-1.2369206855808468,-2.203705475741638,0.0
0.8104901791386983,1.1367898148235946,1.0
3.6070403893089953,-1.7990985345311394,0.0
-3.990209012891163,-2.3725929579935983,0.0
1.6371629945236403,1.2388543589214072,0.0
-5.6209662620922956,2.617273477462139,1.0
-5.3763445961823315,0.24777801180642278,0.0
2.5087262334109965,2.225814742476514,1.0
2.569043185589134,1.8103684984187511,1.0
-1.9265976894863268,1.8889506824790736,0.0
-5.038621843383899,2.3688999363631655,1.0
0.5711085138448349,1.9037866197749622,0.0
-0.5721805857803979,0.86146617117915,0.0
0.3168319312333585,1.3895371305319912,0.0
-5.0204402156329255,-2.637887496056617,1.0
-3.0347611918782427,-2.04273191932087,1.0
4.46140279910642,-1.684716075851734,0.0
5.710383069829575,-0.9786252493733589,0.0
-3.8145850117356086,1.7381910428548748,0.0
1.9044933060105134,-0.010825701281166111,0.0
0.6643626112515744,1.3152106696335828,1.0
-3.2585431040244153,2.9780034963404516,0.0
5.697517945761398,0.9019541180816213,0.0
-3.6054905888502584,1.0813694545877475,1.0
-5.13361909224989,-2.816084986765164,1.0
-2.907805337865436,-0.22426225956410217,0.0
4.419270064900566,1.3630144185978477,0.0
2.9124782543997725,-0.44703999331154787,1.0
-1.8487800894364455,-0.7737674220923836,0.0
5.851794764832693,-2.759344851525105,0.0
4.404377953469382,0.4720524514343607,0.0
-0.7366149697249149,1.3515459624908193,0.0
-0.15997270290356624,2.2405394284899636,0.0
4.808422368135101,-0.4696744387592675,1.0
-2.678066433179381,0.5541019715601734,0.0
4.948360147400292,-1.7360268659660005,1.0
1.4755990027617933,0.7893613205551233,0.0
2.7973562689833713,-2.210593889236441,1.0
2.589899576185063,2.4541951239938458,1.0
-3.8438026935570964,-1.5747400504567342,0.0
5.656741128499675,-1.9141382837430614,0.0
4.252621120434949,-0.04633286131179126,0.0
-3.0332271071618755,2.2244994076350686,1.0
-0.6563369399680141,0.08890412357814093,0.0
-1.6891995672028113,0.5577051086095643,0.0
-4.037713528979727,-0.6535107800894355,1.0
5.63294786802345,-1.4511994037932348,0.0
1.8808399744955064,-1.0488596146518308,1.0
3.2816775082392073,-2.214758035689901,1.0
5.637852540942536,-0.2772627516981645,0.0
-3.1673944398424325,-2.559019516019924,1.0
-3.962905138949511,0.1186436913361062,1.0
-1.955961882824564,1.973300195295657,0.0
-0.8293497160583287,-1.5077143644742206,0.0
1.4057398392483602,1.2406633013126749,1.0
-3.9954971051886017,-1.994284702270094,0.0
-5.559942876797484,1.4184120903938435,0.0
1.9656543314616606,-0.1522147455011167,0.0
4.130045387630366,1.834020917700319,0.0
1.0242523727610262,2.2096276830795514,0.0
-3.529905479558781,-2.3284822836136327,0.0
-2.7630046617961246,-2.657478863464111,1.0
0.3740343360123841,2.619634153769769,0.0
-5.527877511977884,-2.267340515939839,1.0
-0.5736116605987771,2.6032501051674295,0.0
-2.206126740278994,0.043408852130354614,0.0
-5.501125691395295,-2.109940794227467,1.0
5.839561475506162,2.790712178616273,0.0
-5.940720228787084,2.7108707125394336,0.0
1.6694392537860043,2.2075097671201327,1.0
-0.5431217323936908,0.09357617147550146,0.0
-0.1338410369169578,1.001185545276626,0.0
-4.324184942924245,-2.820158460763932,0.0
-2.304840700905709,1.2280845764198798,0.0
-3.5777585745246197,1.0405945999495039,1.0
5.638944553287246,-2.43659570526349,0.0
2.071225418701516,-0.3374986841725729,1.0
4.417707052530064,-1.9371012633156846,0.0
2.311511426713974,2.0286917378886615,1.0
5.335370633688278,1.0994881697378744,1.0
-0.033902831898872776,0.7070834412072831,0.0
4.426859813744619,0.42365847983297833,0.0
-5.635355283637958,2.585692173041867,1.0
2.274321012378733,1.059080314663479,1.0
-3.411898171227394,0.9533128213959432,1.0
-1.2736271321500983,0.9073978622489527,0.0
-4.720883636304111,0.947071827618216,1.0
5.992964709248,-2.710727766836664,0.0
5.7260902106558085,-0.5585522356627761,0.0
4.44904140404711,1.6943129043496405,0.0
0.8041951318400136,1.4306952555079588,1.0
4.542186735616175,-0.5751580700938019,1.0
-2.0756020612411357,1.0055603133815083,0.0
3.6941513032951026,1.573710808659694,0.0
3.573763786303614,-0.3865001111224018,0.0
3.81401059410026,-2.2787456677763496,0.0
0.5338691755301941,-2.965448037011271,0.0
-2.1049700411967565,-0.801230790771613,0.0
-1.2459277006889353,1.1728032401391726,0.0
-1.3373027847558507,-0.3078382642648161,0.0
-3.1494704295080704,-0.7604892502239595,1.0
-3.2727644728421823,-2.560824457389338,0.0
1.2413831205765344,1.0092767913300973,1.0
1.4338841521153736,-0.21903573719656588,0.0
-1.4425706378492418,2.1800018974309516,0.0
0.2289814216346162,-0.12490873422161419,1.0
-5.692295210322772,-0.9525130342430619,0.0
-1.4376525745697153,-0.6070633146185971,0.0
0.962068430727987,0.20161528036127052,1.0
1.2948611135213355,1.5892995692527698,1.0
3.7558288645931217,1.3087384573589667,0.0
5.466284351459215,-2.89060450394183,1.0
-3.650664171797447,-2.954622750131147,0.0
1.7696965698552365,2.388183293699921,1.0
-3.0782124410844087,2.56220726877784,1.0
-5.276791316525269,2.6066161608330862,1.0
-1.780527753124387,-2.3914750293047007,0.0
-0.16953888976409281,-1.4593405936769523,1.0
-2.581525176456926,-1.1562602104422806,0.0
3.636310773991962,0.23496766005152692,0.0
-2.2643076101279562,0.6620026998655102,0.0
2.5938080906783227,-1.3642559955987974,1.0
-1.0374107816957814,-2.2686834399783145,1.0
-3.826207805583836,1.086707123789897,1.0
-3.8227398276524767,0.150980302002361,1.0
2.5085551406691913,-2.358738461431537,1.0
0.8077466355468426,-1.4606232977918174,1.0
5.555122502850958,-0.09872611968045142,0.0
3.6719105973018973,0.3013592529375706,0.0
-5.47904960574217,0.7989082535641341,0.0
5.416840106479885,0.6096709208779871,1.0
3.8302663131214825,2.3052387800904466,0.0
-3.2630427366128103,-1.7277309605506401,1.0
1.3317718662119002,-0.5338291811597715,0.0
4.078335634400645,2.4001387403880674,0.0
-1.7589434483673827,-1.5787766461531076,0.0
3.3663061829263423,-1.3511637867111834,0.0
3.871371822164141,-0.457570478107423,0.0
2.010598791497646,-2.426788116991991,0.0
1.4863118961188757,-0.2893939275766253,0.0
1.0393015581056897,-1.9919147535308195,0.0
2.842484939330186,2.1767824652593717,0.0
-3.3991223989106922,-2.4257126668790296,0.0
-5.716336967443963,0.851829002659596,0.0
1.2851284330653687,0.2801844762844201,0.0
-3.216634846608295,-0.6545640245669118,1.0
1.1337160222340765,-0.01939884684498372,0.0
5.853426242578648,-2.1813614846596012,0.0
2.3417346485711263,-0.5740873913742472,1.0
-0.8616046208926225,1.305586593949057,0.0
2.3092338158924353,2.94753596221313,1.0
-4.459268526550497,-2.3753421036950018,0.0
2.6920658055448943,0.4703215020384546,1.0
-2.7100720012823296,-2.5234837860660804,1.0
-4.972101004842834,2.36514524798471,1.0
-3.697592103375085,-1.0597706273068754,1.0
-3.2801231732761438,-0.8700221650083764,1.0
-5.16691388704688,0.11435874544962221,0.0
-5.188649236893421,1.802139046934169,1.0
-3.1954550170748037,0.24007148762706354,0.0
4.560949050737499,0.9052642142831653,1.0
0.3954934386160236,-1.0539974813077464,1.0
-2.003977043301625,1.0169217311891412,0.0
5.929672334654011,0.9710351390962719,0.0
0.6934010084402988,1.3839030614354764,1.0
-0.41753265259538175,-2.6391459443952887,1.0
0.7475617905349177,2.745751707032281,0.0
-3.8963646917080843,1.1400293449239944,1.0
-3.5887957360913223,0.21496610683848782,1.0
-4.839882604239365,-0.29777438245088916,0.0
3.073959946742953,-0.9145708545661075,1.0
1.9789406938466163,1.772699764738375,1.0
5.126133833753432,-1.5921475088672787,1.0
-1.2082090102883019,-2.085503920017495,0.0
5.909802025900502,2.5620058075457717,0.0
0.47948556336671544,2.0521997662585276,0.0
0.25149572726450664,0.7415141280165582,0.0
-4.930506814607801,1.5316225229808476,1.0
-4.4674381963771825,1.95640578151517,0.0
3.3843370520446303,1.2524681864578584,0.0
-5.566075433702855,-1.1812298643280283,0.0
-2.8426491610698856,-0.8391815551708852,0.0
-4.9482870388339375,2.6217469381863765,1.0
0.6456268885485148,-1.1668541360518587,1.0
-1.236221795108599,-0.31678475697098607,0.0
1.207132000327407,0.09407656617898663,0.0
5.032703678573007,-0.018219102565018463,1.0
5.905896177879752,2.1085497464705742,0.0
-3.4978738277119703,2.5835712878634975,0.0
-4.603603225374287,1.904698250947149,1.0
-1.432520478281039,2.267845922670417,0.0
4.416680281289404,1.8355524007057271,0.0
3.4803652356847365,-1.1719251654117553,0.0
-5.028968603384974,-0.5821189274090313,0.0
-3.917705820161896,1.1697065334147698,0.0
-1.846803281546574,2.853661205159489,0.0
1.6916649281439842,1.9348833818061655,1.0
-4.409703927097819,2.1720868936357354,0.0
5.073086286160732,-0.07762848708638437,1.0
1.2750352530117297,1.5888588054179724,1.0
-3.9019364728750494,0.01539645878065432,1.0
-1.2160436667322427,-2.1217560470265053,0.0
-1.5895869325016232,-2.5909661436870386,0.0
-5.690257116606157,-2.189002265071063,0.0
5.557381339070087,0.2971772153701018,0.0
5.58986593383864,-0.4050127300192079,0.0
-2.258206402976885,0.03685117704146457,0.0
-0.725859736405079,-2.3660118944295365,1.0
1.6899157762824748,-1.7037709049424024,0.0
1.435055458773955,0.9012065543889203,1.0
-4.175701762456223,-2.631902237335991,0.0
3.369139032821277,-0.24119745738407872,0.0
-5.30203445393429,2.9691979030186033,1.0
-5.3066332680436,1.1702113731513188,0.0
5.804147103160963,-1.5649193747044463,0.0
-4.293007575753646,-2.2716903634654266,0.0
-2.3606982291888534,-2.39372513393612,1.0
2.305936100329582,-2.6262492112196236,0.0
0.11306553779747652,2.9801811231178608,0.0
3.767643234072226,0.6913166293860655,0.0
-2.32495655056066,0.7433750177498308,0.0
0.32449756693981957,-0.4434996966577711,1.0
-4.431475479117607,2.319625291442801,0.0
-0.6025842141441302,-1.8322649290754096,1.0
-1.5868877894725246,-0.515221484826438,0.0
3.930454746802491,1.401686283368412,0.0
3.2316587236960785,-2.9338124134281167,1.0
-1.006152021842862,-0.11193509018805825,0.0
-5.76969267812332,-1.4411207475297947,0.0
3.1234778774656196,-2.1773417656260055,1.0
0.42372157743109984,-1.708788767896575,0.0
-5.854550704273281,-1.5527912544027511,0.0
5.710485058920646,1.8092226712979373,0.0
5.514919731852402,-0.07287573644182554,0.0
-4.683165615869958,0.2877569338421577,0.0
-0.5474719852804695,2.0661424964376955,0.0
-4.8230090305890645,-0.07055317786933113,0.0
-4.199416023672189,-1.0519444386596402,1.0
2.8482849286535963,-0.14389122378740105,1.0
-1.4893405782507685,-0.6331423285797881,0.0
-0.48663877912816034,1.7100992630223413,0.0
4.705016267282813,2.73200811902357,1.0
3.4428406350635417,-1.1075586255119236,0.0
2.2576164730385067,-0.37438125566764846,1.0
-2.943952535447386,2.0452294765555354,1.0
-5.5388838124521005,2.410571952812541,1.0
-0.4622704245031901,0.8232088608496824,0.0
1.9122470664693925,2.370706444239218,1.0
1.6400361860064878,0.6836015085603706,0.0
-5.20017551327172,0.11044813167122447,0.0
-4.1979719901955,1.424602612328913,0.0
0.1466630497520942,1.0813666752501199,0.0
-5.499925192771389,-2.4912479037251805,1.0
2.595880656752186,-2.56749398400796,1.0
-5.144919266816897,-2.9273491485906753,1.0
5.478016779593762,1.4250501567540415,1.0
-1.7609830979752301,-1.2207865122740686,0.0
-1.8035612430498054,1.647921187087091,0.0
1.9364473328449723,-1.8888265927951924,0.0
-3.910687975990988,-2.409626101719616,0.0
1.9236326364160572,1.5862359733304157,1.0
-2.8194428600999517,-2.874330233814523,1.0
-5.013939990282871,2.807160209070183,1.0
-2.454662670270957,1.615338887028802,0.0
1.4959628262511657,-0.7083621620826248,0.0
-3.5317528536533387,-2.2716814910435614,0.0
1.3801556164664,1.6478026838267281,1.0
1.7268510424935677,0.1818127994949501,0.0
-5.496585318820365,2.8109326655663027,1.0
3.584570299854896,-1.2430677797942116,0.0
5.759643952306208,0.6112895378179326,0.0
0.9890718984869578,1.4884390765771922,1.0
3.7412374570816507,0.9388716439890157,0.0
-4.4628510436056,-0.9703949640330096,1.0
5.137003683912596,-1.6523063289368884,1.0
-1.5339957139498406,-0.4075387023348238,0.0
-0.7271401236665742,0.6776374949671533,0.0
5.316910052936491,-1.5558437290049703,1.0
-4.541983484388983,-1.815177060840376,1.0
4.6430988025112345,0.8748648759312361,1.0
-2.5691185291300784,1.8956816338117033,1.0
4.336439956361232,2.079086032141668,0.0
5.027118403674653,-1.4865538789598305,1.0
3.060503144955339,-0.23676301635515973,0.0
4.103982634680738,1.370944062969679,0.0
3.3173693579966965,0.9369710260864288,0.0
-3.8708547663635176,0.27016151338162997,1.0
5.816036874294099,2.6243283989827138,0.0
-5.48191517043586,-2.0111111056233772,1.0
-4.4192547185452575,1.3558794599117725,1.0
3.813423958283341,-1.7189318021359685,0.0
0.07023231542194797,2.0442181680672,0.0
2.793618537195007,0.2534232329510897,1.0
1.0841722855052751,0.05016328149767979,0.0
-2.429418584174153,0.39013195715409665,0.0
2.2666236246010882,2.2399374951648463,1.0
1.635496247750977,1.5667292222589477,1.0
-4.079140380545124,-0.23065515348126064,1.0
-5.88802056207488,-1.5199268128702619,0.0
2.717540581356058,2.9508597080961803,0.0
-4.80986280495341,-0.5910341048322705,0.0
3.6008516243899145,-1.775786192226607,0.0
0.661019391627435,1.3984277761780488,0.0
1.391825403122148,-1.8718515923075032,0.0
-1.7353851757711265,1.7027507069123828,0.0
0.6507181695841995,-2.968622318742524,0.0
3.131889120337126,-2.7881318703585656,1.0
2.9488053927747853,-1.7851166390085755,1.0
5.496881761432562,-0.7923554921874931,1.0
-2.076820603943051,-2.106671698005332,0.0
-2.3327494141174214,2.259904570969203,0.0
5.956012051526969,-0.7901428169589098,0.0
-0.6166724285454892,1.3324256292164218,0.0
4.634349365580894,0.5582660051207049,1.0
-1.3016916218660484,-0.5242689549082575,0.0
2.347417757961683,-2.980690418374328,0.0
1.4350720495180882,-0.8670419373518556,0.0
3.53036797532501,-2.442056161061207,0.0
1.0584272033806865,-0.11416266068325776,0.0
1.7079063108627288,-2.61087843310219,0.0
0.9598054491375754,0.3689075277571421,1.0
0.7279211329940516,0.6209259995787288,1.0
2.1176152467163476,1.829933998084618,1.0
-2.762151358461428,1.950296461080372,1.0
-0.020931812838556496,-2.5376503251940132,0.0
-5.29738884907225,-0.994570087823635,0.0
3.4187637253376106,1.2460856084454948,0.0
3.4633795760688777,0.10361433864965619,0.0
-0.7176120245341133,-2.115284839762296,1.0
-2.0616869566882614,-0.39588380295674863,0.0
-4.936794843844593,-1.6763282837327325,1.0
1.1787035287648653,1.413978685435139,1.0
5.980170136715396,2.5986799880613463,0.0
1.7107823944222984,-0.4725116802355682,0.0
1.6341283764987926,1.713909708481392,1.0
-4.579965708919352,-0.5405706618222705,1.0
4.077627427627407,-0.6970022884017357,0.0
0.8624672547262389,0.5266161651731895,1.0
-3.7862849623963277,-0.8265873500862697,1.0
-1.9858645350968143,-2.842819748807611,0.0
-5.709698833303737,1.990182262054641,0.0
-2.723150280326251,0.10847259743289239,0.0
-2.4152931169347234,2.6440754706920426,1.0
-2.888438893610715,-0.4220591235663895,0.0
4.472763005815223,2.051601400750852,0.0
-3.766782985844672,1.815859858774262,0.0
-0.5017573591452882,-0.10218676748786848,0.0
-4.398240331008674,-2.516390917457252,0.0
2.7352716836851823,-0.021233085868201496,1.0
-0.7577915686178454,1.3770493719143806,0.0
3.186154787893317,-2.0465509939838786,1.0
1.3227017937316958,-2.187875506333887,0.0
3.0165010323485486,0.9417309376028369,0.0
5.479375453001495,-2.586251901861473,1.0
-5.315343346184948,-1.3068775518407991,0.0
-2.8595317951691284,-1.518127205568001,1.0
4.87505496625244,-1.5027228009029634,1.0
-2.736603286456428,1.556389574507782,1.0
-0.6031218905935205,1.6602633417310875,0.0
-5.215606109227377,-0.07457283795969438,0.0
-5.596636797800608,-2.6240807792678726,1.0
4.877249440132932,-2.164527773294429,1.0
0.38904818730260526,-0.533426384395761,1.0
-1.8318800848938874,2.3990000741236344,0.0
-5.738119238694126,0.9827381170535343,0.0
5.560733210562605,0.36100910077105164,0.0
5.241869544397101,-2.6864527242838574,1.0
-0.9744801711100628,-1.439053254227693,0.0
2.7698515797687584,2.88778254298348,0.0
-2.9216392506690263,0.925047608844447,0.0
-3.6228284068831185,0.3919815274296594,1.0
-0.4328101597399652,2.8320319777892227,0.0
1.3023272723575987,-0.9029617674790873,0.0
-4.6308505813447995,-2.0925190275903924,1.0
-3.296196840585179,-1.494200031958212,1.0
4.207392694093654,0.3673367296951495,0.0
0.2806909364923973,-2.311386768784695,0.0
4.32167632019322,1.3368858192509023,0.0
-5.187979657199981,1.2470105833786125,0.0
0.5224586081117533,-2.5096479255193307,0.0
-0.500392301656122,-0.09182227721971792,0.0
-4.010705518040691,2.674188882001694,0.0
4.199704457767943,1.0141340239746501,0.0
-0.45245326799271357,-0.5294067504929489,0.0
1.81168160581145,0.272591216441433,0.0
-5.252722729417373,0.07501589262199015,0.0
3.676843406794074,-0.24456073441825144,0.0
-5.3765210693487795,1.7176691963041986,0.0
-3.5836346143683073,-1.4482749906717673,1.0
-4.023523758812449,-1.0187096107710147,1.0
3.081018068263621,0.11631515702362405,0.0
-3.5414247101914493,2.2669804689122453,0.0
4.554982259418351,2.2234705502760415,1.0
-3.1344454634215286,-0.2925639349140714,0.0
5.819875873690501,1.6320748578599424,0.0
-5.673990945293282,-2.608772452437048,1.0
-0.43282347825200684,2.455321235169361,0.0
0.4644215754325707,-0.013124951794258877,1.0
-4.734315600520433,0.9406806283457643,1.0
3.865237927202706,-0.717479954954626,0.0
3.3073422111039292,2.7868599234048697,0.0
-3.554802490467731,0.13997778716844778,1.0
-2.5543445029850935,1.7571265142030361,0.0
0.9311203905738896,0.8074945053018228,1.0
3.574969915390728,-0.6241771640252707,0.0
4.981080820884518,0.19817320347683953,1.0
-4.104542125975824,1.1753947090128145,1.0
3.519136205259052,-1.09942993759484,0.0
4.286151083985036,2.4368595285945984,0.0
-2.677146151466293,2.901128836291332,1.0
-4.3114616634148994,-1.7879059895850602,0.0
-3.7893019291436865,2.363938260047222,0.0
1.8515106278995423,-2.0873743006663625,0.0
-0.7161189795798126,0.6917881504188124,0.0
-4.9984309801274005,2.294498210444033,1.0
3.6432424252984212,0.031240641459829632,0.0
5.605519383110046,-0.4934341243494016,0.0
5.809323828437973,1.0075199928217629,0.0
1.6160552790472975,-2.00427062822529,0.0
4.583133099655727,-0.4350618724763091,1.0
-4.053199130610247,-2.9243548801454455,0.0
0.7170682036605909,0.16439773273605773,1.0
2.632243468429902,2.3415483181068133,0.0
-5.047120984283646,1.3889789420421739,1.0
-3.7510566708290134,2.149062318942984,0.0
3.8287621663398728,0.2447625299132663,0.0
2.5229135834797383,-1.1138993208975096,1.0
-0.34598521280622485,1.9298213862628302,0.0
-0.4888176339214336,-0.8532104080473495,0.0
-0.06945063299640175,1.9694955146233104,0.0
-1.9775034315495272,-1.9574304411855372,0.0
2.54416824396937,1.9558692762484906,1.0
-4.7923502577176,-1.5607553234643317,1.0
-4.296336122868073,-0.9123515305070002,1.0
-0.5957882531350478,1.492958021779839,0.0
1.8137710185800895,0.7255714048705872,0.0
-1.7715006406841471,2.04868531850856,0.0
-0.3445539912220248,2.8746296280909274,0.0
1.6097056595488421,-2.2424115506129834,0.0
2.114130744905207,-1.0493759074098061,1.0
2.2359263602331687,-2.5821531110255656,0.0
-3.9014227538884874,2.1344235534347185,0.0
-3.2738453157178213,2.02224675145764,1.0
-2.648686938547075,0.8572914603522461,0.0
2.329806882117971,0.0759285188703176,1.0
-2.3362718796392246,-1.7241337417734233,0.0
-5.601727745250885,-1.1763215925556572,0.0
1.8379534863753957,2.629828910690896,1.0
4.454453787156623,1.596388659211815,0.0
3.4613681190395837,0.9899094208559713,0.0
-2.876557709207964,2.4431701842349796,1.0
2.048787742870008,0.3626437858826397,1.0
-4.668126369438227,-0.31766673716144744,0.0
-0.47570074557688447,2.1873816571360196,0.0
0.5597786422534616,-0.7175967061775421,1.0
5.721603942127912,-2.335676440042106,0.0
-0.9294188602566642,-2.7478519489715683,1.0
2.878849449203164,2.508459313194904,0.0
-2.639552045394127,2.150050060794725,1.0
-2.493381234457227,2.464620969863491,1.0
3.0475428431614073,1.8294406610486318,0.0
-5.783921332794546,2.7768621424441555,1.0
2.7200519048438796,-1.1714934276832,1.0
3.9527359783061637,-1.3108728095104203,0.0
4.473046074793535,-2.3245176575283777,0.0
2.444231729529548,0.24419085986946198,1.0
-4.841586357654711,-1.548637030446966,1.0
-5.8511515646722225,-0.187392207212965,0.0
-2.3848168708799955,0.5901449057865529,0.0
-2.4331463074965938,-1.2004853309580918,0.0
2.9183183847792407,-2.7111429841298795,1.0
4.834739942303846,2.1135832463470887,1.0
2.0136561987168786,0.559329420644306,1.0
4.707629977675827,-1.8880189228277133,1.0
-5.052370053710057,-1.5629389805427714,1.0
3.5349393444022823,-2.7919783996411,0.0
0.9936820210018755,2.9726250971478594,0.0
4.268353126050473,0.12867413426153673,0.0
-5.236309088560292,1.9882410863142592,1.0
1.1877420981265265,-2.3104020176425992,0.0
-4.873712582119726,2.457760916619554,1.0
2.0304031552569413,1.975720795900533,1.0
4.5477468033872075,0.4306341122899333,1.0
0.20935622106049578,-0.41743553807405887,1.0
-2.1966409465065686,-0.39242423484772937,0.0
3.2865558687618766,0.6115405860907894,0.0
4.710279479458153,-0.33971991372487365,1.0
1.2850749446250482,0.7878453185519323,1.0
1.1003659476759058,1.2158026385130984,1.0
-3.1507983795023247,0.07418266527474415,0.0
-4.749302366299828,-0.6929320341311245,1.0
-0.14799517654482663,0.9133455572728346,0.0
5.406372631034442,0.6039063992901355,1.0
2.923126994118718,0.03759635697121677,1.0
1.6092483765159757,-2.5744067031973596,0.0
-2.947301029897836,-0.8288814407691678,0.0
-0.33007973992183715,-2.7261075269856976,0.0
-4.319710829360188,-1.3391141532521653,1.0
5.658392290812607,-1.0119179573816954,0.0
-0.21550730265500917,-1.8234137235696424,1.0
1.3293608529092191,-1.3159007069041542,1.0
-3.5160890587388787,0.09943577067587439,1.0
-5.93393041007495,-2.954015804104648,1.0
-3.3711742907777067,-2.779671824995073,0.0
-4.703690950431703,-0.9668361039674904,1.0
3.631028154957754,0.432291860215805,0.0
0.15201271147699735,-1.2390670607512702,1.0
5.181044633193796,-0.6179097525768498,1.0
-4.954886798450742,0.7023990967068077,0.0
-4.633939278280783,-0.9286611431898475,1.0
0.0889432646137065,2.245335148111055,0.0
-0.07744103591857598,1.2135525961899853,0.0
5.9138020679888434,-2.21106528061211,0.0
-2.703221693765766,-0.6325435464141216,0.0
-0.9380618575340236,-0.5338735484067252,0.0
4.891332030678658,1.2841958668011388,1.0
1.294862569088445,-1.1437636928233075,1.0
3.8854846106555367,2.7303630689099334,0.0
3.854379390602718,-2.9906093688511626,0.0
1.6368164422008844,-2.6931877113473957,0.0
-2.9087133559953378,-2.64285179791337,1.0
1.2455454353926534,1.1195394809556412,1.0
-4.626148343209138,-0.6969667017301231,1.0
-0.5251618925334958,-0.7856818694345007,0.0
-4.547699994177684,-0.48631325887514754,1.0
3.014136573701018,-2.573954012800467,1.0
-5.037839831017159,-0.8713722489840947,0.0
5.3007085394271005,1.0114358803374843,1.0
2.144039480070777,-0.8284800549728102,1.0
1.1239294945024607,-2.9392128958335397,0.0
1.6331525569145064,2.47972168545742,1.0
1.3508816201378302,2.2421915607980702,1.0
2.6876766655931252,-2.2766495015778583,1.0
4.829439687430101,-2.6013369338653507,1.0
0.40760967057316577,-2.147177257239254,0.0
-5.859520671229151,-0.46779443923416597,0.0
-2.459511508150125,-0.0839970372143819,0.0
0.9263986408146092,-2.7375655661463156,0.0
-4.523960458515052,0.3518543787025523,1.0
-1.8819917619281012,1.3750409252966875,0.0
1.827499783103276,2.073626177939441,1.0
2.309913920030704,-0.4204135356591112,1.0
2.075599468733188,-1.3477129544674888,1.0
-2.324238014661448,1.73391095952476,0.0
-0.6429658031810135,1.790282043110115,0.0
3.8690684840193406,2.145374025967703,0.0
4.999622830094488,-0.41408867692022255,1.0
-2.173598180146334,0.49319247956468315,0.0
-1.5459309187484696,0.606445000801398,0.0
2.467030351725896,1.1304301109528208,1.0
-1.5053653557585438,-1.998838789807483,0.0
-0.8336479384535096,-2.1444351355085476,1.0
4.6811644222057005,-0.9247352355728555,1.0
-4.146483033320115,-2.847313440565495,0.0
1.749868635437811,0.8214139047284594,0.0
-1.9127500010245004,-2.569728666914094,0.0
-1.0844532612572158,-1.1326950296196385,0.0
2.1254476768201123,0.6346754967161421,1.0
-1.6248752616295201,-1.6926446744700594,0.0
5.856431593867102,-0.2759902728233108,0.0
2.259290829362845,-2.1566821945298353,0.0
-0.1729236040872264,-2.834779680783207,0.0
0.06546141492539981,2.784104442706214,0.0
-1.3895194441703973,-2.7660239245505305,0.0
-5.628530508967877,-0.6720794403187833,0.0
-4.0797007624416715,-2.8598874220308845,0.0
3.0745633674021224,-0.24886194670865613,0.0
-2.5290627363281457,2.4004990980988845,1.0
-4.606332477593693,2.7355129737319155,0.0
-2.232399391471766,2.330422033852088,0.0
1.2353145177535385,1.9602441584489245,1.0
5.808157958525571,-1.2695673730875257,0.0
5.533625824891116,-0.6631086305854779,0.0
-1.3738571431569326,-0.9576773744729659,0.0
0.4968912881710228,-2.0751297409290776,0.0
0.6445378242961342,0.2502288744600243,1.0
3.14282175125844,2.0018997716255136,0.0
-0.7147037962509115,-1.1860005038910375,0.0
-2.8879812321948664,-1.8322569797707684,1.0
-5.308229013611701,-0.9453121269917197,0.0
-2.757027694430601,2.7985043151984446,1.0
0.6925059150005275,-0.9163377658169547,0.0
0.9656112119243518,-2.1648197919258267,0.0
-0.6714750095735651,0.7574059285263832,0.0
-0.1332260184905838,-0.5893271960740547,1.0
5.926180666796379,2.2818885728935623,0.0
1.4808714979132809,0.4162641670936966,0.0
1.4479257578950087,-1.7921273530654005,0.0
-1.2583470808281767,-2.763242802654604,1.0
-0.29344755015807955,0.2581475037459793,0.0
-3.267003166761485,2.7841730829930826,0.0
4.9134553312469045,1.3328594127354352,1.0
0.40063954518435096,2.2198149578861095,0.0
-4.4321718741184455,1.7430587656493097,1.0
-4.50215023239782,1.765263975296433,1.0
-2.6907891809837166,2.2625434861091334,1.0
5.328505125904774,-2.107224183569306,1.0
-0.44789273921527784,2.885924268976111,0.0
-0.19911076832224062,2.181285135087271,0.0
1.0647782655758382,-0.7480205524823891,0.0
-2.5705973336895576,-1.7806614534834764,0.0
3.1415782965323658,-0.6807569590618328,0.0
0.13530554640901382,-0.04604711999290867,1.0
0.9273483507975744,2.193462873747313,0.0
5.768872123001152,-0.5544947485570981,0.0
3.9302270652756377,1.5871667679283057,0.0
0.8823474174668791,2.736282861671599,0.0
-3.5943058136591666,-2.3444147381422713,0.0
4.247543603465065,-0.36510110019750996,0.0
4.163626250484725,2.35854123117249,0.0
-5.250508876571143,2.3007885779163644,1.0
-0.6201713355669334,0.06259493402539329,0.0
1.5191101331185228,2.5582956403805204,1.0
-5.770606866842831,-0.1389391900930974,0.0
2.2526645091667277,1.336241746189371,1.0
2.310389178445295,-2.193389223551269,0.0
-2.407252939539825,-0.8477068474979195,0.0
3.653246492154061,-1.3274407655126819,0.0
-3.471540433593562,2.744688114228577,0.0
-5.893640578638373,2.9869251340918694,1.0
2.1218555862887474,1.9708157966947022,1.0
-2.464567243845682,-2.91410833399764,1.0
2.8544342227383606,2.0048675820040547,0.0
2.8857135834422287,-2.1428982761949684,1.0
3.04113506708363,1.6135366926458463,0.0
1.9024861880406583,1.5966955967735172,1.0
4.151057276132786,0.6816246854247505,0.0
-4.936743432363851,-0.07423314199673481,0.0
-5.06820798394074,-0.554741813805415,0.0
-1.1147221304924688,-2.6039409351585503,1.0
-1.8141535923662477,-2.334011407252111,0.0
3.6988225201106655,2.6861281557868244,0.0
-5.132202296904737,2.7306912437502087,1.0
0.2709191920409424,-1.2026059322767566,1.0
-5.077655096686038,0.0037456084225069297,0.0
3.5341865338889846,1.2425188636001891,0.0
-5.397287862432314,-2.562588987792579,1.0
-1.1655206084083547,-1.2282570357123404,0.0
-3.211388123327426,-1.3139730065477184,1.0
3.641792919562615,2.5753683217911236,0.0
-1.138767665669203,2.4366660127949826,0.0
-2.1420515850254165,-0.14137808193725032,0.0
-3.2876520262080033,0.8428562530550638,1.0
5.747773382097707,0.6209585762602718,0.0
-1.7062309906374136,0.8869046759431702,0.0
-4.524951858415349,2.3319544815923923,0.0
0.03700740935803637,-0.3039015477621474,1.0
1.0303774614422299,0.7487031767364147,1.0
-5.138690325281844,1.0957033273404146,0.0
-3.096819836213645,1.283715795039539,1.0
3.870417532610361,1.823751045315122,0.0
0.6300116088946695,0.12101935386450702,1.0
-4.285488463927059,1.6520769024188136,0.0
-2.7430874346394276,-0.019827463092320752,0.0
-2.5887108848697995,-2.1970298220018414,1.0
1.5546923627008393,-2.674007791062577,0.0
2.9837428095144,-1.0944792284333,1.0
-5.998383683946177,0.06677483542337903,0.0
-5.4377770976687625,-1.3429826530746032,0.0
2.4837178494685936,-2.6238622702688046,1.0
4.072061908272028,-2.9770804640485014,0.0
-3.038113569577173,1.4454243369124287,1.0
-2.2047582032483186,-2.3886456716039186,0.0
-1.677192974394865,-1.3776402816928468,0.0
4.11254282592666,-1.1199124944891412,0.0
3.467189661312087,2.3512328688644084,0.0
-0.7941909650816452,2.459658863126352,0.0
-1.4721833524416859,2.7844704989406495,0.0
-4.928525705693125,1.1221155990194562,1.0
-0.07423151451685595,-0.6741071672661176,1.0
1.5925425449832105,1.2231425498059867,1.0
-5.947640764196291,-1.9982814675168077,0.0
2.556552607611824,0.998312481469239,1.0
5.5925700615441265,1.566226741504698,0.0
5.409272492776056,1.2152430092088418,1.0
-2.423373496326682,-2.367810466494861,1.0
3.3818863601392266,0.8648953288554955,0.0
-5.421767851280445,-0.8396972045941302,0.0
5.481597785811434,0.002406874261207115,1.0
-0.8072503677635439,-0.25380236904423636,0.0
-3.4934073119380353,-0.787756974811229,1.0
-1.56224092815388,-2.685869878875166,0.0
3.210811542215019,-0.5009734085767263,0.0
3.86615864179708,2.102088006719372,0.0
-3.4560713436161032,0.9441208930207714,1.0
-0.33261835004421947,2.2809404275289102,0.0
-3.4111118498825506,1.0668792018602655,1.0
1.2930254670326704,-1.2281911345690033,1.0
-4.360789156185929,0.9098385628636594,1.0
2.8631694975879682,-1.1062359374199,1.0
1.7379912482677655,-0.6292145543309804,0.0
2.5584825993914126,-1.8047083506356814,1.0
4.682580031634092,-1.2755424212065216,1.0
-1.5865681469261652,-2.6514482875179013,0.0
-4.661853452144683,0.09517141627396875,0.0
-2.788887879264342,2.0128813544531665,1.0
-5.823679336140554,-0.7254357079683826,0.0
-1.951853438770888,-2.8840342144943936,0.0
-4.507579211993877,-0.5181439504881884,1.0
-0.08562498663064044,-0.5742615164707852,1.0
0.37125214094512593,0.5707900494340894,1.0
-5.880914146465972,-0.21542904327897672,0.0
5.56199089065106,0.11419368077729253,0.0
2.1305072095074387,-1.1288168524987008,1.0
3.2878965378331504,1.6375288912566903,0.0
0.25555257184966784,2.8560829396752814,0.0
-4.49339742284816,-2.898314010662514,0.0
3.2418985410851526,1.842933224189295,0.0
-4.557513250553085,-1.4065030022483636,1.0
-5.7893716396004535,-1.2401483353166118,0.0
3.277702487024058,0.10776316627547367,0.0
-1.822852881980543,-0.7695642305620183,0.0
-5.983756491414383,-1.2011968346085846,0.0
1.7575048996551654,2.8451666628981425,1.0
4.164729923806794,-2.8584302121268252,0.0
4.782727256098072,1.6991904797917554,1.0
3.3645134828517644,-0.2520254459785711,0.0
-1.2239364845459662,-1.1825056270008443,0.0
-5.211661692547611,-1.6305878190378054,1.0
-3.0407563802637045,-0.09553758173879068,0.0
2.969332879160328,-0.15714102961232035,1.0
-5.305866606634073,2.7467388059292235,1.0
5.3126918291293475,1.7111372588904503,1.0
5.895934818770646,0.26689399680157777,0.0
5.553220203038473,-2.5463697562994954,0.0
-1.6118310208635442,-1.647712391959405,0.0
-3.6500029903887596,-2.1551823066439435,0.0
1.4689636987919599,1.6879311344838301,1.0
0.9395807930443283,-2.118223742470742,0.0
3.7334852392016504,0.8157282429823711,0.0
-1.3420115264760533,1.0447817732163776,0.0
-2.881140249086006,-0.928846749034737,0.0
5.009830117583883,-1.2569729659714777,1.0
-0.36014078210476086,2.3408468243760883,0.0
2.4926562032103305,-2.6267806430117835,1.0
-4.2323634686523555,-2.952950455368499,0.0
1.5710614827499612,-0.3139594475374903,0.0
-4.388701789172694,2.7476047263406222,0.0
0.3559166873474382,-1.548640235322665,0.0
0.007242853856491038,1.0777219964106468,0.0
-5.085129384317226,-1.351777109712648,1.0
3.6835858906079224,-0.24201077758403233,0.0
0.5589257043875389,-0.4031039867431847,1.0
-5.473200688283939,-2.0055013210790644,1.0
-0.6535003350973092,-1.744887207552433,1.0
-5.400251656083855,2.061897984310942,1.0
5.77431034996939,1.7588572439804366,0.0
4.245419060456005,-1.5481372180977278,0.0
5.527523706158398,-1.8184457732794297,0.0
5.417157724341987,2.9689157637957067,1.0
2.5406736689525857,2.886862390750931,0.0
0.8344773548052444,-1.442749300943458,1.0
-0.7560493720125496,0.5613656122727155,0.0
-5.12302125567582,0.7340595877034763,0.0
5.7741340411475335,-1.8593541012976342,0.0
3.5111413954605997,2.4473927626777163,0.0
5.32441911384265,2.7608136264326832,1.0
0.25751566465766373,2.8638474479490217,0.0
3.0877224856132663,-2.0299713825782284,1.0
-0.2771987223843606,1.3099870522320236,0.0
-3.031916210171,0.8436911012933241,0.0
1.9992057485594312,-2.0238015371486044,0.0
0.781023749433075,1.6297614658716464,0.0
-0.013252025568696979,-2.9273812993433554,0.0
-5.891538371048494,-0.8578239361799271,0.0
5.114328821181385,-1.6279393223783474,1.0
1.6123642664602453,-1.6675447758400765,0.0
-2.1399601240854165,2.088252537608904,0.0
2.7463373072393615,-2.4276043361207362,1.0
-0.8555757481627966,-2.824981418128413,1.0
-0.22931824076389162,0.9746040702064085,0.0
-4.577968516822182,-1.266690366545006,1.0
-1.2259604939741173,2.5171861479362985,0.0
5.919060185075569,-2.7305322060263046,0.0
3.132095081944705,-0.7696556015859404,0.0
-1.2905017652462396,1.5255898400821364,0.0
5.021117185744904,2.7055715670152907,1.0
0.9254710324598499,-0.8572730441969831,0.0
3.450589030305352,-1.4939917004261984,0.0
0.7688883460022131,-0.8485292308507608,0.0
1.8795728844945128,-1.5576065226389586,0.0
-3.7008846511820908,2.509434520052622,0.0
-4.778355804605557,0.035747446409589934,0.0
-3.349766604443893,-2.7664202200459953,0.0
-5.567774180502884,-1.948669367365036,0.0
4.401244254072003,-1.30512753613784,0.0
5.405510046903549,0.48973375793516105,1.0
-0.7606297227748069,0.4805330080167276,0.0
0.20038062271521362,1.5526575225439512,0.0
-2.610047208325773,-0.8816976503981859,0.0
4.729131630399008,2.6787390789024332,1.0
4.710698729837695,-0.48331203625611874,1.0
3.36438603608258,-0.141985600193407,0.0
-0.029521774246774157,-1.7719193456562963,1.0
1.0935636391021974,-1.8831846134799124,0.0
-2.0212236111936748,2.130181209719611,0.0
-3.5150902894697373,-2.5730502889594034,0.0
-5.171908888646204,2.644707123018647,1.0
0.08304525554201536,-0.5435275690978898,1.0
3.730542972095021,2.0149555674630957,0.0
-2.0137076026127447,1.1617083448427712,0.0
3.253473790222639,0.9279041211957271,0.0
-4.1808591023988075,2.2552985011023416,0.0
0.46913463283210444,-1.3051654417799778,1.0
-0.8972617747476725,-2.7745734576065555,1.0
-4.465598385330989,1.5932805030951656,1.0
-5.999860382935607,-0.5006050291062469,0.0
0.27012217302706176,-2.6721934799941662,0.0
5.676937955667995,-1.6432480125019684,0.0
-2.3496153643646296,-1.176344926469836,0.0
-3.235000054591801,-2.9911570674821313,0.0
2.7521375290559558,2.8010729987957124,0.0
-3.3084782005794593,0.9782831508205345,1.0
2.902755923504582,2.090552274543148,0.0
-0.9284496358366905,-1.1824145661574246,0.0
-2.0964583917236266,1.2757279985910772,0.0
3.8013535980676316,-1.910316193460384,0.0
-1.548707902106818,2.4116411804949003,0.0
3.6803222363368704,2.909150416574855,0.0
3.050979116184969,-0.6408287938324664,1.0
1.0876540079356527,0.9660855254839218,1.0
-5.058530204194513,0.2669817546231905,0.0
2.511849941671315,-1.9960721759936377,1.0
3.3675806091066853,0.5026366830846696,0.0
5.426661428371135,-2.74546621075865,1.0
-2.8160863493343964,0.6093232757989444,0.0
-2.4412810535288316,1.2865449844274535,0.0
3.1080633902631725,-2.3849042156011535,1.0
0.1662535704812127,0.05334333354633536,1.0
-1.5686307574135068,2.597549175418033,0.0
3.930075838478654,1.1832562914578206,0.0
2.5719196288199697,-0.22970313712128565,1.0
5.05193425315891,1.1675725635197125,1.0
2.747772739869797,2.1701454227240715,0.0
-2.711140927893708,1.8424254232002184,1.0
-3.6571127645220955,-0.9279482865306727,1.0
-1.972674548761887,2.871152810334843,0.0
4.278446684975123,1.2070191695415584,0.0
2.724681139384682,0.37243676641542667,1.0
5.36508800530223,-0.022447482705830524,1.0
-1.4337874815612661,-2.0217879784104538,0.0
3.4344678271326963,1.4066635924535484,0.0
-1.387739537710381,-2.848839516244624,1.0
4.067967932616128,-2.931492099275558,0.0
2.4443973555486114,2.8215426583563428,1.0
-0.7480640622215589,-1.5901595700242834,1.0
2.4584521205205796,1.9027688520935104,1.0
0.5571637929341673,2.8022116515368776,0.0
-5.379975340104467,0.0287735898271686,0.0
2.6214473678706014,2.1758428268950736,1.0
-3.8489326571065194,1.800020890582088,0.0
0.6324849086225433,-0.6206779080602205,1.0
-4.419419657050877,2.1917745534534747,0.0
-4.112721501843415,-1.1412728447454046,1.0
-2.5194536164507575,2.2284842051451257,1.0
2.072435930506776,1.7800883831482341,1.0
-2.9943852144900123,0.7492445976419937,0.0
0.8609517977249848,1.9969822607296264,0.0
4.873044725775127,-2.9270593711356794,1.0
2.0882390287055124,-2.688985205281626,0.0
0.5863039809282711,-1.2742036257379308,1.0
-2.3186808057343056,-0.8822489792858605,0.0
1.4555093885953214,-0.9957002059873847,0.0
2.792388607083364,-0.5728356865567816,1.0
-5.179761596280496,1.7025590549046434,1.0
-2.570900104887528,-0.4033987224044244,0.0
2.225326598662818,-1.005263057107728,1.0
-5.320972126239413,-0.7564737179231185,0.0
5.333382992331641,0.8504063837913494,1.0
2.0577497840064822,0.7936929218258388,1.0
-3.6120943324867585,-0.489996815386319,1.0
3.0112775803598186,-2.391762614681045,1.0
-2.665766686923453,-1.3420853492048783,0.0
-0.8157728688659276,2.88221244565311,0.0
-5.189969439794137,0.11220596628356994,0.0
-3.8476238158534746,2.8240592724584648,0.0
-4.64035794327043,-0.5783939858304525,1.0
2.8546198180152746,1.2273265681646714,0.0
-0.927256357272813,-0.9208549922836906,0.0
-1.2286514573655527,-1.4143424210481643,0.0
-3.5360047355184023,-0.10176181464666012,1.0
-2.777594927188712,-1.2752300106164993,0.0
1.8810727616946847,2.8112239901993537,1.0
1.243646406712501,-2.5381231976102026,0.0
-5.092996633751197,2.708539325073396,1.0
-2.4325105163119964,-2.4475980835051474,1.0
1.1885350458045787,0.7418926697415964,1.0
1.7820578414242583,-1.3955878328547522,1.0
-5.8186717894263,2.7900922167268316,1.0
-2.98928345170677,1.0561577283152852,1.0
2.4795584385445153,0.6600445024769144,1.0
-2.2451112694362214,-1.3734224774156054,0.0
1.1720193924324374,2.196573801670149,1.0
5.360804747080747,-2.3645651735774544,1.0
-4.142056648827362,2.668417552698478,0.0
2.83842274001751,2.297962948978638,0.0
-3.568408390375882,0.5255152266564114,1.0
2.413675133009683,1.0806713126818357,1.0
-1.102179709599623,-2.907630649852149,1.0
0.9951126816511575,-1.4813907649223474,1.0
-0.5969490462853155,2.7454860905029044,0.0
-1.211576188290783,2.0388096399865603,0.0
-3.7375127310089864,1.034762988150173,1.0
5.724083453267323,-2.388641394762379,0.0
-5.900160693273696,-0.39850324420431393,0.0
-4.888494203383594,1.4903060980573883,1.0
4.974583966182706,-0.3958741637474468,1.0
-2.8954602941347085,-0.3935800859603411,0.0
2.681373814200011,-2.945675030517774,1.0
1.0734478738163666,0.6797501093242744,1.0
1.652258962751226,-1.5478675201147367,0.0
2.5686326805375206,-2.4516510820093416,1.0
-3.6087559623983902,2.2648202799268917,0.0
2.8646778087187954,-2.9175266759319287,1.0
-3.0194848755623975,-1.7135611020410126,1.0
-2.750324063556329,-1.5146413783206816,1.0
-5.249684451085852,-0.24635690041907798,0.0
2.7928016974339815,0.6403903483046185,1.0
2.0744600231769574,-2.513104928782565,0.0
5.417888522121446,2.0309510030581492,1.0
3.661083821947953,1.9379028302506054,0.0
5.192526097593136,0.26552379668218595,1.0
-3.5966157855884893,0.7007016471152472,1.0
2.9145779240152674,1.4275043601241526,0.0
0.25738829000256125,-2.589247683998532,0.0
-1.5466447388384665,2.524599650780144,0.0
1.0133869170891128,0.22999165953428058,1.0
-2.773757827413678,-0.7893064805005263,0.0
4.744153069838031,0.9987782851610145,1.0
3.448644321027995,-0.2739274615940692,0.0
1.562966633473895,-1.5096983475407548,0.0
2.465529963401835,-0.43439199777997617,1.0
-0.6894538222230526,0.8959339474612902,0.0
5.23536745762712,-2.6159619203482745,1.0
3.8969188481640913,-1.2457013375268413,0.0
-0.6729665459234662,-2.8685200273499465,1.0
-2.3874470659882436,0.01578745578078289,0.0
-5.325887071830731,-0.053425623701008895,0.0
5.125327546301127,-2.3676406913531687,1.0
3.173288736906052,-0.5419736797440442,0.0
1.8620845742920569,-1.4385804120886239,1.0
-4.0860928495037,-2.0372243143726414,0.0
-5.154096652282265,-1.8861197705925419,1.0
1.9706326198676187,2.290143671061048,1.0
3.769508227093942,1.1108058592469048,0.0
-4.674817639066768,-1.264875322224301,1.0
-2.2823174961303723,-1.5002583216142726,0.0
0.18006791651667697,0.21332288927803544,1.0
-1.7173682979466776,-0.8772650475813837,0.0
3.9426671748729767,1.7357570899181134,0.0
-2.3064500198310522,2.482730663239556,1.0
5.433780204030072,-1.039544747819755,1.0
-1.7469006144833417,0.03380492053175299,0.0
5.293449750404083,2.2579165988538694,1.0
-4.769184448996922,-0.6436155403715027,1.0
0.6404542769972625,0.0187948353092402,1.0
-3.673643184757288,2.152900627008928,0.0
2.1232893959620487,2.0274502491108217,1.0
4.305171352193666,1.490135121994438,0.0
-0.7294727850033915,0.6632805300925471,0.0
-4.075615126563083,1.0418725048494464,1.0
-3.848960931128631,1.163697543060941,1.0
-3.244822070952376,-2.29469219909868,1.0
-4.016586118284511,-2.988047188685578,0.0
2.6248754142423625,1.3944062943502749,1.0
0.17920019895911388,-2.031823193667698,0.0
-4.997347949871723,-2.8852262013762777,1.0
-4.0110218764173515,2.34513320989888,0.0
-3.1015578995798188,-0.8743720366967063,1.0
-4.735854186224001,-1.6658321715109783,1.0
0.23069484936246099,0.6465160985739153,0.0
-3.0557722300054673,-2.6536070446492968,1.0
-1.3076055704712157,-1.5947797744419951,0.0
-3.3653529212423767,2.759176816280732,0.0
1.3956058311086892,0.34127065903257536,0.0
-1.010698757720137,-0.42633399941913463,0.0
0.4908600460569694,1.178578842216643,0.0
2.425753154181953,-1.9698365537673026,1.0
0.0013530249195241595,-0.5282514297953882,1.0
4.4463235952326094,0.7885135273102586,0.0
0.3900487969917812,-2.3076321469264958,0.0
1.267654671880937,-2.2967765659185995,0.0
-1.9535210932109752,-2.1429482111140086,0.0
2.304883764292427,-1.7624873169830844,1.0
-1.297687521743688,2.374048665712672,0.0
-3.5482033992123565,0.0468303837526749,1.0
-0.9687400660077365,-2.8912557537256216,1.0
3.5130973628737543,-2.585724562112402,0.0
-0.3089397482765568,0.36406976963369964,0.0
1.5411174793750444,1.1317897758472535,1.0
-2.960731397727419,-2.9401273400493038,1.0
2.681323948258944,0.21393959608547153,1.0
4.033412438486986,1.928330177404166,0.0
4.119914013454597,-0.08943204012275885,0.0
-1.9964592499576117,1.7493492155482198,0.0
-0.5844706436489409,-1.899346821579393,1.0
4.259688234737691,2.2953592606340836,0.0
-0.4042829263179586,-2.545801636141275,1.0
-1.3460869209968251,1.8212259567756206,0.0
4.821288342554745,-1.779163545014425,1.0
-5.196316655696742,2.264102718797032,1.0
-1.327140732253497,0.2505657856053798,0.0
5.6167897446091075,-2.6006116325146627,0.0
1.7798160894251467,-2.5553674645507973,0.0
-1.494372858401995,1.8228872711606803,0.0
-0.7983332069323872,2.983094123417702,0.0
0.7087114193592257,-1.073027084184279,1.0
-3.3586640891429624,-0.8968767942830294,1.0
-1.5296007148853903,-2.587717933656234,0.0
-1.565109606878722,-0.21456888156465048,0.0
2.6728530268656563,0.9403769083296476,1.0
2.5051878627498514,-2.9498179087388574,1.0
-3.3879912050335674,0.9701057303991387,1.0
-0.19212758184303436,-2.9681191459899243,0.0
3.6539357091818676,1.6368574397420241,0.0
0.5810299559227516,-2.6012200453423673,0.0
3.1981805943910153,0.5022815263881837,0.0
3.3835197258955105,1.5104819543750425,0.0
3.636024863494045,0.10804839842774872,0.0
-4.31610578167782,1.0269448402781318,1.0
1.4456854206236471,1.453519123194523,1.0
-3.9614279273911763,-1.8301488005982647,0.0
4.684914206631941,1.4998667907124243,1.0
4.898741864403874,1.552291926983524,1.0
1.1658636718836224,0.9247964221672422,1.0
4.669535087280119,0.4728405270716429,1.0
1.5886958919406489,-2.0611397039783963,0.0
-0.3129453586067674,1.2983826717485938,0.0
-2.748687620203615,-1.7864749168527905,1.0
-2.2340783013070133,-1.5509962320429993,0.0
-3.42104835556325,-0.45089494279147857,1.0
4.89406216660241,0.0423578804323097,1.0
-3.7449554302161236,-2.5381699837147558,0.0
2.3538737416551037,-0.7032074133816728,1.0
3.861971359024311,0.9570646118446211,0.0
3.5548974064964227,-1.3683237634893075,0.0
2.308307069532697,-1.4156280918376873,1.0
5.268821753403499,0.8182456892002463,1.0
-2.105858397895895,-1.3829288262463642,0.0
-3.708880979140278,1.167845753362367,1.0
-3.3754126440248724,0.5718195955649343,1.0
-2.824379676895712,0.9718136687632115,0.0
3.77927674248647,1.6681514588679187,0.0
3.130215971169381,-1.8736655658464876,1.0
-4.939380636185776,1.1936929709243138,1.0
-1.5798334344677842,-0.4059226415799162,0.0
-5.626210886479307,-1.4425413043497048,0.0
-5.595883153506431,2.275114635607486,1.0
-3.0792398013776343,0.3440230174380483,0.0
-5.532248152066435,1.0010843478339488,0.0
-2.1236718509508736,2.387515121745995,0.0
4.657418267208429,-1.0482562898295134,1.0
4.811530748285614,2.976946040992673,1.0
3.904987969487376,2.069228086531374,0.0
-3.011895166690921,0.4602143931465381,0.0
-5.192929032391586,-2.4304923790699817,1.0
5.986711344399488,-1.0401645034445344,0.0
2.978206944586157,1.8399903181608988,0.0
4.29627925208675,2.9857697844129394,0.0
-3.102042176917586,-2.7578950388418018,1.0
-1.0657017840649683,-2.2195159810263183,1.0
-5.730889330055339,-0.8374390371510834,0.0
3.404859012902836,0.3970841473504252,0.0
-2.2466641294757514,0.926052032956318,0.0
-3.2157818362942714,-2.91371132356749,0.0
3.1722406372371275,0.7424585091840545,0.0
3.14763149401152,-2.7663718998740063,1.0
4.045435533967826,0.7171572002178199,0.0
0.7607442085516816,0.7476842886871893,1.0
4.3731989624203695,0.5216190393534426,0.0
0.9714045586581523,2.944074942394595,0.0
3.080762004822816,-0.34623716729318854,0.0
2.4887640003951326,-0.6646171698492691,1.0
-3.253494450198012,0.5811112613265568,1.0
5.1381851773674185,2.574837120092776,1.0
-1.8971366627341162,0.16606479733016988,0.0
-3.4603692171616656,2.973786656993301,0.0
5.773414894415229,0.8970535782446838,0.0
3.6529687161296813,1.2906009677022006,0.0
1.1178986284736183,-2.679912018066614,0.0
-0.5428278893680671,1.0487178130044637,0.0
2.130379366604217,-0.7612642894656982,1.0
5.300303839896367,-1.995857806579314,1.0
0.004313354586727769,1.1453038593049367,0.0
2.3656296707017113,0.8918337406128933,1.0
-2.696541438577678,-2.062760587880268,1.0
1.6312839219205308,0.5958126968366262,0.0
-3.8477278765291083,1.2308348734233796,1.0
-0.5379360991961235,1.0065635496189174,0.0
4.048404957241807,-1.981629428538461,0.0
-5.77026158403796,1.6746155183747202,0.0
1.3163691018313912,1.19783741773273,1.0
4.057859699863711,1.816865608947003,0.0
5.531041763145897,0.2156104731127093,0.0
-0.13805240808113517,-0.5886768006556196,1.0
-4.155707485869545,0.4356433972921345,1.0
-2.6758497080882546,2.5278450732778524,1.0
0.9982896513251713,0.5570410830486612,1.0
-1.7409040694758797,-2.688063888133755,0.0
-5.619074815524137,-0.4599891350808152,0.0
-4.985215462833146,0.641081733240835,0.0
4.571676067675888,2.2974888991123326,1.0
1.9085449215867882,-1.732609011162414,0.0
4.355961976306464,2.3165606118792486,0.0
-3.6401569805644955,1.4245565146240633,1.0
-2.5617654128745246,1.8158418741175781,0.0
5.966854798843233,-2.819843968023643,0.0
4.7683903894911825,0.7357832015919481,1.0
5.680591429977854,-0.20994289484143458,0.0
4.168655166856485,-2.6256355884103364,0.0
-1.9766513990604508,-2.59790077349274,0.0
5.704117601748846,1.9018434436310203,0.0
4.230569054951646,2.627791388603365,0.0
-4.978758166562576,-0.6864144449199996,0.0
-5.147581331471974,-1.7352413906998283,1.0
-3.2476106755479317,-0.18535673371452788,0.0
-2.777253990556289,-2.3941313590934334,1.0
-3.9901069308707076,-2.116346618687454,0.0
5.676921574947579,1.5557550415108414,0.0
5.613137583234744,-0.361557080952549,0.0
-2.659578220048121,1.7897591832551196,1.0
-2.0849529835062386,-1.2036997577679103,0.0
-3.2099280935060257,-2.221926130654588,1.0
-2.9224432677988084,-0.8680815091566738,0.0
2.087930497748765,-2.6246109466832905,0.0
-3.4739167240158846,1.8541418417500584,1.0
-4.23693691699475,-0.9441291208648708,1.0
4.3759070622976814,-2.070448133139344,0.0
-5.007157972581721,-0.09277202951993502,0.0
-2.3709658646575633,0.3804501869031247,0.0
3.6456586858017026,-2.177109071083541,0.0
0.9683890146514198,0.033052562339183744,1.0
-4.271054567841605,0.7439909131738944,1.0
-2.7163149856707403,-0.07299408873592483,0.0
-5.012732108675257,-0.2424956567182619,0.0
-2.322438383486156,1.9342872671121256,0.0
-5.316255276031581,-0.4883563504900206,0.0
-0.49882291042274396,1.3500364577947126,0.0
0.891450901082532,1.003274023165086,1.0
3.3245914278210726,2.173217841949133,0.0
-2.233494039330354,0.2281362321834175,0.0
4.0812969412703985,2.9367067857903386,0.0
4.674231732525158,-0.7711964242537395,1.0
-3.658001793376195,-0.06364477556046744,1.0
2.8996974220325065,-0.044585575480214246,1.0
-0.20182964023597805,2.029382526490803,0.0
-1.6631546511937643,2.1587680488698737,0.0
-1.1183423885793173,-1.0306013659299635,0.0
-0.552121065603612,1.5746817520492105,0.0
-4.487975665632069,-1.8214847047678957,1.0
5.417337907957103,-1.9470502357118558,1.0
0.8127278151726554,0.4758867999716272,1.0
-0.12450645539706251,0.8684714914609115,0.0
-3.242079290428579,0.31597360666048946,0.0
-1.5339209370372338,0.9700035577751343,0.0
-4.3053174795222064,0.42526450103685765,1.0
-3.7767557354001156,-1.3281416213097816,1.0
-3.3754823961170013,-1.9029733207870974,1.0
3.9085314187280034,-1.285754594034658,0.0
5.125485382373391,2.819559152071145,1.0
0.855125639245168,-2.1419932640056416,0.0
-1.505421079445025,1.7863935800892836,0.0
-1.591311255635155,-2.4778966901832673,0.0
0.6814189311382552,2.070725108976209,0.0
3.551116645722029,-1.9492611592178806,0.0
2.073175372949601,-1.6769744193861174,0.0
-3.381509585373933,2.244430639831111,0.0
-3.003972567117238,-1.420515920891933,1.0
-5.992159310864405,2.2240142047531055,0.0
3.5111377585096157,0.7639736105440678,0.0
3.0031891672661075,-2.087708595453049,1.0
-0.5001168649490948,-0.8926836759073149,0.0
-4.874681684915802,-0.0832170887104553,0.0
5.048875804111624,-2.759645285695833,1.0
-2.5024690380744734,-1.7547543827657792,0.0
-3.142240156011644,2.4506073112762516,1.0
-0.3831713491885189,-0.20220352236108718,0.0
3.1269077094633886,-2.073046775970445,1.0
-0.15281575079939103,-0.4200887152736419,1.0
1.1629282865598736,2.9973462195026315,0.0
3.2333867289845646,-0.6128057818954371,0.0
3.930636627288564,-1.975749820125119,0.0
-5.634435764292478,-1.7733097652143617,0.0
-1.9150613266288836,0.0634845447573591,0.0
1.381549686494398,2.463634303286531,1.0
0.11824811460549256,0.0076538677543762645,1.0
-5.397083882124214,-2.790530684062657,1.0
0.6139195429964648,-0.37092832050993296,1.0
4.070164739763584,-2.035922491728929,0.0
-5.700340054595404,-0.305767392419245,0.0
-3.15025731897291,-2.7023137599669753,0.0
2.695179442171547,-2.3304420002565154,1.0
1.2998340000932602,-1.313701498998665,1.0
-3.9180473957397357,-0.721490862484095,1.0
3.617349314675444,-0.6474385385725636,0.0
3.009235790532669,-2.2470822192050957,1.0
3.273257035980949,-1.5784000505601081,0.0
2.128717558666473,0.3946893290459781,1.0
5.149736606540248,-0.6760648921481156,1.0
-5.206017733986714,-2.885067086692483,1.0
3.922302731673037,0.14841382596859276,0.0
3.3029286220193903,-1.5934463999309119,0.0
-1.8589950538411948,-2.8193767667320864,0.0
5.537907894889345,1.0072074402048807,0.0
5.198461053111675,-1.407021555425566,1.0
1.33756333470793,1.0709998097558273,1.0
-2.1894035969089387,2.0886554100937804,0.0
5.365937554802974,2.309130706176026,1.0
2.86880371127247,-1.3352119216502758,1.0
-2.620607494732419,2.7801619226762275,1.0
-5.876586048771696,1.2962998394528666,0.0
2.4749539506631457,0.7361372456987847,1.0
5.88130615304239,-1.1287233854176486,0.0
-1.9203376344810223,-2.5263635823206667,0.0
-0.6864223614751506,-1.4337088425909115,1.0
-1.8793595738682694,2.007430741533766,0.0
5.225814162329948,-1.8856015679688862,1.0
-1.529892821358409,2.571783372692364,0.0
-5.258298471729328,-2.4458368313317287,1.0
-4.046508129525248,0.5712770047612485,1.0
-4.19433274792803,2.8084582887044007,0.0
-0.6394256728977563,0.009107762100998507,0.0
-3.040096610335122,-0.1742384853915988,0.0
1.9429635916441388,1.507062821724256,1.0
3.0464169925189566,0.46734667616452974,0.0
4.852317299926288,1.904447083836656,1.0
3.084577376383505,-2.666366869917236,1.0
-5.917464453364208,-1.7253163368271622,0.0
1.9622831269614274,-0.5328150667047251,0.0
-1.1711248884082597,2.307521329377682,0.0
4.746754177582066,2.455051584321515,1.0
-2.2334630818196723,1.1463348764355707,0.0
-2.7404018247075643,-1.8563410015533013,1.0
-3.7844105118315694,-0.9473542748184358,1.0
-0.8405085626421389,1.9856950263304105,0.0
-4.561306878327455,1.409555084369365,1.0
0.37745897027166464,-1.2723279439440451,1.0
-0.0861649856061053,-1.2003475813378641,1.0
1.1529834628596713,-0.3969364628685348,0.0
-4.027133651053456,-2.3005015526658195,0.0
0.5603481848655623,2.414478199716621,0.0
-1.872507761307773,1.398000643335739,0.0
1.903936259277204,2.5893294858568865,1.0
3.85177220758969,0.3996315534327781,0.0
1.8843659788092877,2.3903187995042092,1.0
-1.2057745849567825,-1.0392317648533358,0.0
-5.870266996377644,1.9593064451487852,0.0
3.6117684048403795,-2.3732728913990915,0.0
0.9222885735924029,-0.21610981099867566,0.0
-4.5754908538906625,2.8834093623643415,0.0
-3.4236493504397347,-2.596594919456633,0.0
1.138168554022915,1.4332000627981962,1.0
-5.610678647433756,0.952305832362133,0.0
0.38750251141745373,-2.3804099467497095,0.0
-3.9297134766436552,0.40784578389648285,1.0
-2.4437086378405395,2.6298943719078967,1.0
3.824882753808609,2.9014032390819784,0.0
-2.883949932595032,2.8183417967878626,1.0
-0.8251935625013056,-0.9148872281174723,0.0
-5.395805676367761,-2.683408452842384,1.0
2.3041350713598554,-0.2524260333958326,1.0
-3.2817404875667315,0.6838218379513958,1.0
-2.965702580998666,0.46579052606653537,0.0
-1.689495036207716,1.9413133596709145,0.0
3.8483539292013518,-0.13589761126559186,0.0
-1.7901706879798134,-0.8246412206454328,0.0
3.6685743080186146,-1.030923103214328,0.0
-3.4912875155178478,-2.491869948748159,0.0
-0.3996825493870997,-0.10720740648094873,0.0
4.090904524834887,-1.6725678213236161,0.0
-1.4281047159792006,1.850434433362146,0.0
3.8834833289876816,-0.6923335441273908,0.0
-0.4905117205598293,-1.1802846549043025,1.0
5.190658541031745,-2.2881374055505184,1.0
5.20499307601764,1.103198711012059,1.0
0.3788658322407743,-2.8040456352930248,0.0
-0.2928456981359009,-0.5535113699836063,0.0
-4.065374256298529,0.9384576210039413,1.0
5.653810888419429,0.3731328663871505,0.0
2.5770393173273494,-2.5892972846038993,1.0
-0.9879960501960632,-2.3018490890130248,1.0
1.3535500264381248,2.6308929492849273,1.0
1.9413327896596622,-2.539181710113471,0.0
-1.744005540179006,0.3039802766451092,0.0
-1.161506926400973,2.001864062851034,0.0
3.7760520565198696,0.6709861206193288,0.0
-1.5185046584075366,-1.4679817574205352,0.0
-4.729508181442448,-0.8706138990806758,1.0
-1.0419297935073661,1.0549375506244418,0.0
1.8979178915708816,-2.5793511621524585,0.0
-1.2568882148261071,-1.9093267966958285,0.0
-4.118247536198332,1.963812898423475,0.0
-5.49701739940491,-0.4849027445872718,0.0
-3.9815561308017817,2.275981294070844,0.0
0.6844861593004214,-1.6117161817389118,0.0
0.029127445996516954,1.3889181582186954,0.0
5.497416107033205,-1.6773239745274864,1.0
4.634181265552142,2.605824685004942,1.0
4.997046534384795,0.8124861411714592,1.0
1.5578478532164919,-0.5807362008970633,0.0
3.0287745876454544,0.1877641101055918,0.0
2.129256854739534,-0.4292525769072273,1.0
2.777957568517669,1.9468291056272946,0.0
-4.242764920766207,1.9975782934453683,0.0
0.4835583814836868,2.0679954545413457,0.0
-0.8243795239078242,-0.7257570877017896,0.0
4.980728790206669,-1.4929843947095922,1.0
4.130547903433717,-0.0958765649435751,0.0
0.16914531061511617,-1.1491903110630959,1.0
0.8765064074281881,-1.0487328223427321,1.0
-5.528767029100172,-1.3680083679338637,0.0
-5.923451479120912,2.87012872234114,1.0
5.588966517836969,-0.6290682151661695,0.0
2.7404502520757514,-0.9251634095374501,1.0
2.053117885031712,1.8325802582758746,1.0
5.361074936306888,-0.598726344901968,1.0
3.399575795472572,-1.4044292962072873,0.0
5.88398764552378,-2.845382407413893,0.0
1.2423456780134519,0.9570358899079627,1.0
2.256546684889546,-2.277674527265466,0.0
5.262357401677566,-1.9129003256995032,1.0
1.4730408388780933,-1.6639435252614903,0.0
-2.3134029957447493,0.27875125036874593,0.0
-0.9936789772250822,-2.0386463941409625,1.0
-3.9487631709498205,-0.4911312710232023,1.0
3.087395739306009,2.387787881086731,0.0
-4.990468052887406,-0.6413765546435934,0.0
-4.79705323532548,-2.9004451162044127,0.0
1.9406241917274798,0.6146966517995267,1.0
-4.0437706342213655,-1.5971230014416153,0.0
-5.715506956265779,2.009683234166422,0.0
5.696287152582617,-2.1872427792318554,0.0
-3.2222974348164226,2.2104571436816043,1.0
5.117565575474218,-0.4822357031591382,1.0
-5.392530332771111,-2.7636489978430836,1.0
0.8873983928281248,-0.6426293466409261,0.0
-5.656170869068146,0.4995143538753406,0.0
-5.86436956093173,1.7242317488956376,0.0
-2.322806127559541,-2.7584519819446074,1.0
1.0602266517978398,-0.6138935134016719,0.0
5.685604960285794,0.2651919750222129,0.0
-2.6971298275559006,1.2566331878038488,0.0
-2.742095969487464,2.425459748445391,1.0
-1.5033363539114823,0.2992113766572313,0.0
-5.393122754109253,-0.4432725722866153,0.0
3.9883624759319396,1.8338928321800516,0.0
-3.308177293757685,-1.643525573936624,1.0
3.807663746558841,2.5823905210159532,0.0
-4.855668944723957,-0.2996481634426482,0.0
-1.9505486524292523,2.2241307327446362,0.0
-4.997701023839775,-1.7332443446517756,1.0
3.0296200510379325,-2.6922369061127065,1.0
-0.08957543142852842,-0.3473577919216799,1.0
-1.987185852135016,-0.6325661080864573,0.0
0.35928704316279525,-2.0317958496697015,0.0
0.8639505394031133,1.8325939757999183,0.0
3.1219311574819084,-2.076600571837358,1.0
-4.209006363102313,-1.39095379353052,1.0
-1.6671032839075535,-0.5492665115491047,0.0
2.156366602000144,-2.6599174070049876,0.0
-5.583927549287203,-0.6485366223365459,0.0
2.3659643056557655,-1.8393879422611046,1.0
1.6980537750750209,-1.4410311723582032,1.0
4.633033305762197,2.3741396655996994,1.0
-2.432553548624082,-1.620037476220557,0.0
-1.0643523352052249,-1.5568104889191077,0.0
2.068606119500444,1.9563881072897136,1.0
2.077105570934604,1.9461026834960968,1.0
-1.2360940535103104,-2.0620981757468346,0.0
2.8554113687711062,-0.8371529691506767,1.0
2.0552499027495905,-1.376136348109406,1.0
-5.0252443823199275,2.9554907729265807,1.0
-4.125581904832808,2.9305259637808865,0.0
5.727359190797367,1.7629086234482383,0.0
1.913075544983971,0.4668423015065084,0.0
4.393218544534015,-1.2633628702830724,0.0
-0.3878254501814755,0.7163398161990115,0.0
-1.065714289566107,-0.43508127545839237,0.0
-2.036583989974987,0.38539090010721644,0.0
4.206894336181392,-1.790829731962123,0.0
5.213196465041296,1.1345259224893782,1.0
3.879278552160361,0.33714415578007007,0.0
3.3542004170887623,-2.9027976159631965,1.0
3.8205650973544216,-2.759166845487801,0.0
4.6789605163543495,2.9517764834318596,1.0
-2.471190453878666,-1.738088662285238,0.0
3.184360366296488,-1.4818419544784807,1.0
4.386748598066442,-2.3829444470551397,0.0
-4.488537643447701,2.8749093306036935,0.0
2.0860667792400562,2.0813233465737166,1.0
-2.108047471781784,1.0589024971236265,0.0
1.1309019277031664,0.618900720737682,1.0
2.190389514452658,0.4521550387745914,1.0
-0.8512515683680082,-1.344463833716719,0.0
3.2229759709584247,-1.6423654199808828,1.0
2.30825167385297,-1.6000030641040401,1.0
1.5039620394534463,1.4824696027741737,1.0
-3.3754333331215296,-2.6403401948321505,0.0
-4.4283150840699115,0.6359818036261529,1.0
4.193356874708826,-2.730019072587454,0.0
2.8098151084997554,-0.9520881242996873,1.0
-0.2576595609657293,2.5731572990733937,0.0
-2.0163419431698544,-0.20797839636308346,0.0
-5.835811022871827,-2.51040767997097,0.0
-2.8969009063825917,-2.8328865550735536,1.0
1.5765039125790121,-0.44160985919026485,0.0
0.5777424327362644,-1.9521168846220227,0.0
-2.4488156467606066,0.9829468491163507,0.0
5.583632683564797,-2.697499358386745,0.0
4.6846118502631935,0.46128720786725097,1.0
0.767034801067485,0.0016712112465619988,1.0
-5.167270969149799,-2.4607388895830358,1.0
1.2109440679090326,-0.9542485713866502,0.0
5.007216798932168,-0.5604567758431664,1.0
-4.280622495568307,1.2883130010122166,1.0
-2.479758942707882,0.15282184413535926,0.0
2.3739934260620394,2.401584667212422,1.0
3.5062943376201137,1.0581664072363441,0.0
2.155598188741724,2.675547864192519,1.0
-2.4501108300415675,-2.9933274348228753,1.0
-2.736545287221616,-1.692651722239536,1.0
1.942015021367978,0.802269598593174,1.0
1.1215365924566854,-2.902539340743278,0.0
2.745336653407769,-1.0588175250870508,1.0
1.9806718680795736,0.33947057101292,1.0
-1.887228894865114,-2.1925423973753535,0.0
-4.866973228074229,1.9891099986733414,1.0
5.020770504978696,0.8987282805857975,1.0
-4.7587906216741995,-0.5878366986705554,1.0
2.7472704012618863,1.6789253040604084,0.0
-4.581376532506937,-2.9998156869277057,0.0
2.5456445505672605,-0.8604229440827664,1.0
-2.946224020580877,-2.9226151812628474,1.0
0.48359288113799614,2.10690441255589,0.0
5.491579755271054,0.39446970367973533,1.0
0.17353593287873004,-2.4896616870645536,0.0
0.5864736185111976,-0.7201255262076325,1.0
1.2856233706029236,-0.66764191274072,0.0
-3.116410518595599,-2.430208348629741,1.0
-2.2209786649332512,-2.420130994273486,0.0
-3.877236590112193,2.9240169514772756,0.0
-0.670757317120577,0.1912305990300993,0.0
4.483422344846584,2.973413402944127,0.0
0.9925733921361779,1.8748429262650301,1.0
-2.076707707959897,-1.1655362553162534,0.0
-1.167555348065278,1.035043576041895,0.0
2.186300271061185,-1.1085633921032951,1.0
-4.401480910360456,0.7943775387930514,1.0
-4.460089653734826,0.47095504937598065,1.0
2.3210655366757074,1.2036689783667098,1.0
3.0416653279151618,2.237156529393987,0.0
-0.0004920964225387792,1.381495137177427,0.0
1.4300728243900407,-1.8801603612139046,0.0
-5.691724261567102,-1.2927516859383974,0.0
-0.6835955239485667,0.702635666571938,0.0
4.1995119660384645,-1.8225256997630062,0.0
-4.493402521218275,2.7808796848459654,0.0
-4.703465287483114,-0.129053579356865,0.0
1.026764745519623,0.24824652544462955,1.0
-4.967614115604682,-2.657838515978284,1.0
-4.734198870467572,0.5135261032356748,1.0
0.5321386516118531,-1.5975552477795345,0.0
1.6532897021470987,1.9204050123338963,1.0
-5.501052481840874,-0.011220338711745548,0.0
2.2717249452322825,-1.4861284375818775,1.0
-2.306749136482211,0.6818274179363026,0.0
4.775223521324843,1.8595465218173963,1.0
0.9975626291950022,1.3813303065434948,1.0
-1.6221303575064159,0.8457931685925466,0.0
-0.4058209064693159,-1.8603831812546345,1.0
2.4208592865270866,0.33878782409293207,1.0
-1.6965410165569033,2.468035140471784,0.0
-5.748790586079201,-1.105361092503024,0.0
-5.317423226668241,1.5991638973297633,0.0
2.4252894493655113,-1.0118866875820978,1.0
2.1079548264848764,-0.6243766428243012,1.0
3.075045497069212,-0.27489802357976334,0.0
-1.052643266020013,2.6083794929298056,0.0
-2.9894508013115972,-2.2773159600206077,1.0
1.0145173591134977,2.8159308737050734,0.0
-1.4659294352737602,-2.627779418227311,0.0
-1.9283367922851902,0.03558992591735066,0.0
-4.0569239204134355,0.9486133083389525,1.0
5.972992668122407,-0.2895631441113373,0.0
-1.7432573192374488,-0.5957749989932002,0.0
-4.618245859257586,2.2996416085573426,0.0
-1.0220921337437758,-0.6763535314509523,0.0
1.916283275165692,-0.3477994744132591,0.0
1.7788016256941521,-2.631322259215275,0.0
3.7646801246667287,2.6430237172764155,0.0
1.7851846339126318,2.7273955731528643,1.0
-4.18281222756044,-0.13550286311787785,1.0
1.2216808073453667,0.49041988452712015,1.0
-1.1824586509314816,-0.9714935438024317,0.0
-4.478111729394975,-0.6495452966263309,1.0
-4.048070218734178,1.4061940589533108,0.0
-3.4940287740649203,-2.648608168292797,0.0
0.6283936538068122,0.5713783963164096,1.0
4.462956735366067,0.4618896745060912,0.0
-1.8542297553186513,1.8180712891579232,0.0
0.4833467182490523,-2.5243182922128495,0.0
0.7902067237589598,2.4481112725299745,0.0
-1.2442484940213534,-1.2220451886011996,0.0
-4.278366515783759,-2.0913268683878563,0.0
-0.8067421878981733,0.5740789449691772,0.0
-5.032615137964779,2.637411534150994,1.0
3.06160340934235,0.5197435097019758,0.0
3.94126405126789,-2.5188794591273203,0.0
-0.2779334672025069,0.7805587611699805,0.0
3.943834873419471,1.7008173602956065,0.0
-2.6751690034392044,2.6452810173552255,1.0
-4.507849902829555,2.250801711726913,0.0
5.651282995255423,-1.9370788606642466,0.0
2.6647927704454233,-2.758286887332009,1.0
-1.1349260983301406,0.0976997951860441,0.0
0.9677427109156085,2.615623489491357,0.0
2.0670082475303353,-0.11233229268457823,1.0
3.716100435190672,2.703196925726454,0.0
-5.73520621581251,2.895127633536232,1.0
-4.9664143312358355,1.886320675612568,1.0
-2.63598296938305,-2.2069220534767693,1.0
-0.7217323234339812,0.863739476685681,0.0
-1.4285778597182999,-2.6726075503038063,0.0
1.1935336759045994,2.414419656664048,0.0
-1.4014156086329796,-1.7020033342150378,0.0
-0.6890718488062149,-2.7098237337073146,1.0
3.8458510137632977,1.9580448657011207,0.0
1.0560055611555406,-0.8813826663696629,0.0
3.5974003733493998,0.32812214873020285,0.0
3.911187702600195,0.7887527554981237,0.0
3.412865678553567,0.59137795930656,0.0
-1.030307181412006,2.7476751595568256,0.0
0.4933658985461369,0.6305371112432301,1.0
-3.354148327023009,0.7539047365636589,1.0
0.8592917937953262,-1.8909696123178503,0.0
-5.284954831762276,0.6261559182886263,0.0
3.1643072322038464,0.14040822553204935,0.0
-3.2787284961642515,0.9991318601582098,1.0
-5.0387312806847735,-0.34899777118827213,0.0
-4.039598899218958,-1.8932456936406998,0.0
-3.5724726101015563,-0.6797576577361326,1.0
-5.3861975325552285,-0.6132393544254109,0.0
0.14048936537641055,-0.10023429020204855,1.0
-1.4065907951635133,2.034879648424515,0.0
-4.256079690953951,0.03418046268824382,1.0
-5.255502996521349,-2.5730659267325415,1.0
0.8863901961251557,0.39611054932692547,1.0
4.536402154133484,0.3472420539604393,1.0
5.517492244858202,-2.707830909600421,0.0
-4.823907782631107,-2.735604830577712,0.0
-3.7766777959975197,0.2476206656500688,1.0
1.746866177129136,-2.726489052307987,0.0
5.351650678147191,2.052992259902286,1.0
-2.4406502141148825,-2.5368748186411922,1.0
-3.9613551213713127,-2.238333517470164,0.0
-4.520594648412638,0.11137013199440382,1.0
-3.0498306900791965,-0.8511617008251333,0.0
5.87406400061187,1.1058854935520683,0.0
5.387768004564016,-2.1446606698013064,1.0
-1.4143263020091688,0.32839081969412565,0.0
-5.078903257335144,-2.974875338232253,1.0
2.0452120055630107,0.850917100808612,1.0
-1.070534280004659,-0.06213554380780417,0.0
-1.0146839928949252,-2.855969730930667,1.0
-1.9755407253904504,-1.937506467616261,0.0
-4.8189097307835755,2.7403226033360983,0.0
1.1923167005059874,1.371937705419616,1.0
-2.21563508080659,-0.6411172230359088,0.0
-3.1569120732393183,-2.4182059742074515,1.0
-3.8516203507009945,1.7850842717789153,0.0
2.1305496622053095,0.2815732559128614,1.0
-0.29892152559878316,2.534605701936747,0.0
-5.12718062665598,-1.3163951205725042,1.0
-1.8007457571514314,1.6945548732767275,0.0
5.910175441943656,-1.5559769114570816,0.0
4.491688009644967,1.9837365625907477,0.0
-3.3041112282988006,-0.6040045188046648,1.0
-1.0839255684897706,2.8693240111593497,0.0
-3.82929718345322,1.7949478266286922,0.0
-1.9896874299226806,1.3852220746569621,0.0
-0.9598679484520458,0.47015857869924016,0.0
3.9913412799135735,1.8249933899033053,0.0
4.397078202476402,-2.642296047932046,0.0
2.3046066364769384,-2.1600757396694226,0.0
-1.010177183779068,0.29153049032813083,0.0
-1.1671261830380306,0.11767005481804471,0.0
5.958315705583431,-2.1886961177228716,0.0
2.105472544037106,-0.6239942016863087,1.0
-4.403882413112054,-2.047579419754143,0.0
5.391277274947402,2.277608980270572,1.0
4.884503524980262,2.949196654964319,1.0
-3.5002153198977846,-0.8673639758156293,1.0
2.030628359098401,-0.09718476083611627,1.0
-0.9793255994599974,-0.8531325039864415,0.0
1.1253675833214265,0.4535605718404918,1.0
-4.062505991229119,-0.1695609748893654,1.0
0.6416613145181991,0.4217216323883428,1.0
-3.4787136850517784,1.4536283535137207,1.0
-5.697610862147164,-0.8710088667410241,0.0
3.3625517824276017,0.38335752633241427,0.0
-2.866050809869677,1.169718716058286,0.0
0.8086913298728806,1.777461656738323,0.0
2.8203022342778805,0.6606475322174079,1.0
-0.14186789627023177,-2.2009072459948595,1.0
-2.864003785375395,-0.48540316249748816,0.0
1.1915914440766642,0.0822471312918287,0.0
-2.5417856884856462,-2.9612138532617367,1.0
-0.04512933719023238,-1.2862440686265415,1.0
2.81529960852642,-2.856322408377099,1.0
1.0179337356694909,2.6488454250363924,0.0
-3.907088794662006,-0.170103055496428,1.0
-4.902936098194342,0.7540914735681157,0.0
0.6063801671547076,-0.5558068547230057,1.0
0.2565242576848945,2.379447950814061,0.0
-3.6444683722671956,-2.8646129297679166,0.0
4.339978616389212,0.4627024943274387,0.0
4.687901465542108,0.5816713404790352,1.0
3.721933079516429,-0.42195981986911235,0.0
2.998319175459226,2.478248801339136,0.0
0.8654755646664753,-1.9152890966257228,0.0
-2.774428619637622,-1.8081325386155653,1.0
-3.037715668851205,-1.1615073038937818,1.0
0.6616054410382617,0.5279497767829966,1.0
-0.882003033097666,0.6925246789250128,0.0
-5.021100892663609,-2.47327057765104,1.0
-3.9380464757080986,0.1084649882420683,1.0
-3.432063855620237,-1.300293579044536,1.0
-1.1962459659240707,1.8711967440622788,0.0
-5.833654369045679,0.8962729214197345,0.0
2.0265183724882245,1.7919346821398197,1.0
5.193035268723758,-2.879172906304261,1.0
-4.154595533841405,2.3170277643359585,0.0
-0.4977772537558156,0.38754383360078126,0.0
1.956326444677769,1.0743996269738245,1.0
5.180884839798098,2.981696504470018,1.0
2.641889531171284,-1.276672744769095,1.0
4.557028827532124,-2.7046745127554304,1.0
-3.2270297655060456,2.384314304782289,1.0
-2.9257018267277406,-1.6760936422695092,1.0
-4.342496482317033,2.1546705458814994,0.0
0.0006991102930404836,1.0493592183249287,0.0
-3.131203391099644,1.5482425260672992,1.0
3.1200665395451814,-1.1244118505501992,1.0
-1.0718084038766058,-1.7418583354187949,0.0
5.718732279874851,0.8736154623504699,0.0
5.214526568586187,-1.179686738225201,1.0
3.3826909559626763,1.5951518633084518,0.0
2.2998678223984985,2.7938338516008026,1.0
-1.2773359667242135,-2.2156960584614565,0.0
2.06050631092873,1.3758588028632373,1.0
0.9007268815057756,-1.7590926411996224,0.0
0.05347130003226397,-1.1268615805852236,1.0
-0.8704016619997308,0.8713114550679837,0.0
2.942576912290015,-1.6066518545919413,1.0
-1.1360956722365598,-1.385030574050225,0.0
-3.6164206336575706,1.7003233199750305,1.0
4.911032333243909,-0.7786068858925397,1.0
3.015347092485202,2.3819717361864665,0.0
4.153490526362779,-1.9031196687646446,0.0
5.475502578160336,-0.7399413574232252,1.0
-1.929112065913964,-2.625412036333318,0.0
-0.16591615074140442,-2.3459183061544278,0.0
-3.017522148870888,-1.0983442693963117,1.0
3.705915881900209,2.252931902375379,0.0
-2.370404190462364,2.1521887274674434,0.0
4.286771248437493,1.587905702309241,0.0
-4.2396586318178215,1.1419370814043734,1.0
5.340288774966826,1.0952428726029426,1.0
-2.0205978107059925,0.003475904584987699,0.0
1.748700520212644,0.06342245237102162,0.0
-4.560564699228362,-1.1276157320878761,1.0
3.6287523666435906,2.168508276573105,0.0
-4.352399607413157,2.714320514392348,0.0
-2.054128585816688,0.97388243238432,0.0
3.021901751480174,1.8716774078273009,0.0
5.348996426711162,-1.1224827118270644,1.0
4.302077454618654,-2.2098785793827576,0.0
2.4604908762431137,1.451866377083915,1.0
2.132678894415845,-1.486111583189082,1.0
4.476517764182439,-1.98684921977763,0.0
-5.35638250175003,1.304789943671473,0.0
-0.2942914172071962,2.094588119752056,0.0
-1.3992343073008922,-1.990328468953723,0.0
4.037306309638437,0.29345778984043003,0.0
-3.7296504913157413,1.322303991518675,1.0
0.1333636618740064,0.6258778934419187,0.0
-0.4692199415210174,1.9722539029080384,0.0
3.954752588196598,1.2563329309463178,0.0
-4.735183471242452,2.033123171424413,1.0
2.052155766394918,1.182144996025797,1.0
-1.64420591515354,2.2756773369420404,0.0
2.70445920281829,-2.324457200824833,1.0
-1.1066635871260484,2.31828217176085,0.0
-5.433639579631452,2.768499717852297,1.0
2.1499508198347534,0.7882558658602594,1.0
-2.7532889221441033,-1.5072492675649376,1.0
5.304698633863145,-1.2103652745952636,1.0
3.306063560627992,-0.6412692107575251,0.0
-4.328951150583553,-2.935708213827846,0.0
0.5310880441830097,2.854672911293596,0.0
-1.5703656742895458,-0.8568459960417307,0.0
-1.8709005858066945,0.12326302382915078,0.0
-0.7120213989084778,2.2794877603620867,0.0
0.06624950068188351,0.04654702913141273,1.0
-4.339540863353321,2.896437245462316,0.0
-3.000325309574044,-2.559815595242384,1.0
1.957754987702506,0.5721982209412362,1.0
-1.0182521520870509,-0.46684659671593165,0.0
3.4207670525571743,-1.8257241594021056,0.0
3.8430398273386768,0.8924826833701092,0.0
-0.9723627146457074,-0.25182830049678806,0.0
-2.9202335137668505,1.5126859961818493,1.0
0.154496907663213,-1.0748727435009384,1.0
1.1526013891314033,2.974406712307938,0.0
-0.7768526441213535,2.524148404671717,0.0
-1.8597979209052067,-2.6716037584500847,0.0
-3.5490947235788535,-0.48782914003389477,1.0
-3.364380856865172,-2.9986377706904666,0.0
4.980018452970327,2.063276467385574,1.0
2.9075067778433663,-1.9931124261238282,1.0
-4.555637085480168,-2.594371503165701,0.0
2.688350265275055,2.572847764127312,0.0
-0.8335701490435561,-2.285155968023711,1.0
0.14871384878527927,-0.9070085552482192,1.0
-1.5021009078000276,0.7279837449342437,0.0
2.624617359146429,-2.336378406761035,1.0
-5.572917230322283,2.9659818161142892,1.0
-3.207259813013378,-2.6770168505492453,0.0
-3.7214960508489603,-2.7662529219092145,0.0
-1.29826926459394,1.814410706707946,0.0
-1.9050666029073522,-0.3348995587298007,0.0
2.1070412828092664,0.05336442041928091,1.0
4.337348232255891,2.1962140502745395,0.0
-5.881071654106156,1.6682778388991952,0.0
-0.471196797099914,2.9330432478219786,0.0
-0.20121508949477818,2.921375672329785,0.0
3.0548323344688395,-1.508370692320162,1.0
0.46073975144349255,2.9528138368714965,0.0
4.290367293023085,-2.4157986372526734,0.0
2.4764639617199524,-0.9265224847751217,1.0
-5.916212857435823,-0.5791141858380024,0.0
-3.1829469393003444,1.913215623122829,1.0
-1.9520326938508141,1.965142163722902,0.0
-5.992824733982456,-1.153085099843285,0.0
-3.1060174283068567,-1.5985958335883341,1.0
-5.181760562814448,-1.8772543775369896,1.0
0.6665948386274385,-1.251833562973533,1.0
-0.9912626120502246,-0.7387987179168691,0.0
4.510859099998735,2.431793994063093,1.0
-0.08451634012967979,-1.0190642981063736,1.0
-4.718391551971637,2.7204172762925705,0.0
-5.277276661196431,-1.2140983345903174,0.0
-2.42320558595995,-1.0775922831587106,0.0
-4.028557880731089,1.6989685855421826,0.0
-4.53002565640813,0.809439954918977,1.0
-4.5138476795301905,-2.576786174442261,0.0
4.913154044230518,-1.859227402087766,1.0
3.855001854716452,0.2677852266428147,0.0
-5.065721764694764,2.7326891486284044,1.0
-3.0364659960972897,2.157872072115639,1.0
-3.97427993058523,2.1236572928511173,0.0
-5.841254245136472,0.07068273941688386,0.0
3.233310953058682,2.6087731049567005,0.0
4.9104256344778445,1.91774921728587,1.0
4.658296195935648,-1.804681884977541,1.0
-2.589788451459255,-1.266188850473649,0.0
-1.4753528279796146,-0.640075977688868,0.0
0.5346638958561059,-2.0407214198013515,0.0
2.2949599654318718,-1.994600764172961,0.0
-2.2762982147454296,0.020070783636924272,0.0
3.5572867382817286,1.4368153994323638,0.0
1.746412276926267,-2.0653604365189793,0.0
0.5645441473869326,-2.4753209892006875,0.0
-1.4716418784401908,-0.5189008182602448,0.0
-5.522262726650954,-1.356071403180169,0.0
5.467793607197873,2.721795646978137,1.0
-1.772075348969528,-2.7413993463100557,0.0
-3.8508607280618214,-0.6466932393987594,1.0
5.373356375630758,-2.1528056187768905,1.0
3.1621901240185473,-2.3479047637518473,1.0
5.775090928695322,-0.7103010053451904,0.0
3.3028144667886714,-0.9444535031332091,0.0
1.5320265259057049,-1.8479034915597796,0.0
-4.247747768436449,2.628384837408788,0.0
5.011767334853202,2.324813641277294,1.0
1.5052014019991216,1.8496092672976694,1.0
-5.171556757063501,-0.9912657486559251,0.0
-2.2355625029141253,0.8138719317156795,0.0
-1.728506718352314,-2.108959310137915,0.0
1.1576049049625246,1.8863035240144885,1.0
-1.4145180664803219,-2.2063877094091096,0.0
-3.6397416322461233,-1.575100168983696,1.0
-2.4012288840655653,0.8567704230378546,0.0
1.2113458144526277,1.176479169402235,1.0
-1.649976185621842,1.9439859112798699,0.0
-3.5509480661308768,-0.18575551489107633,1.0
3.611264658497163,-1.9190481136042845,0.0
-4.681642635110604,2.3021038061279384,1.0
-1.8848440468896488,1.1032207494541915,0.0
-5.695816748832739,1.1402813304566974,0.0
-2.2067842614363538,-2.6655548784753496,1.0
1.3177531385774044,-1.5551771035609605,0.0
-1.35831309537744,-2.5165151262809182,0.0
-4.234040986860656,-1.2121365870249374,1.0
-4.922885993278115,2.4649575881178913,1.0
-5.9274354817922585,-0.09683868681413177,0.0
-4.521030502409383,-1.1539254631323088,1.0
5.112714717819186,-2.029832680356079,1.0
5.589987836619992,-1.7652337380634697,0.0
2.8987933016019554,0.2800635893838703,1.0
4.613744731161109,0.3239595330187859,1.0
0.41471062987570395,-1.8272519977896007,0.0
-4.005247655380096,2.4989349066930853,0.0
-2.065941613799591,-0.7675064702226244,0.0
3.1178839011406616,-0.9670591054631559,1.0
5.4247493596680325,1.427566613992802,1.0
1.16915091088104,2.285370963268515,1.0
-5.404729099806207,-1.4576238468647476,0.0
-0.419563989349081,-1.6381287631708739,1.0
2.9268622476258237,2.515248186322351,0.0
-0.9147585608289193,-0.9472043993286303,0.0
5.538608785650794,-0.3308854030347552,0.0
-0.1314191946086014,-0.890100765948568,1.0
4.91458167614566,0.41373289969110427,1.0
3.1460950461797363,1.8708403101053186,0.0
-1.8978114969929019,-0.39783401207771973,0.0
4.181661292875177,-0.8204678899451388,0.0
3.527221601422216,2.645953935446623,0.0
1.4785244768160837,1.4497637247113335,1.0
3.6611677444936177,2.070237893379855,0.0
-1.2593599457184483,-2.692419244944011,1.0
-1.1774847451591253,1.042537378704539,0.0
-0.595795370630487,1.493778905162391,0.0
-1.7162108463760335,0.8084648466241773,0.0
-3.762962341752305,1.4962166198697417,0.0
0.5483516257563101,-1.7756136687203965,0.0
-2.497065918026313,1.4916522514909945,0.0
-0.20878517206175218,-1.7038113576415668,1.0
5.607254284443572,1.290750118901327,0.0
5.485617990477554,-0.4373697278379405,1.0
-0.2987959116993544,2.387731297110115,0.0
0.3005920829446156,1.2436734714340032,0.0
-2.9739254700536404,-0.31964118778415695,0.0
-4.518601610275739,-1.76411978473823,1.0
-5.988679016788427,-2.764409690108039,0.0
5.727405878123152,-1.5458778291794262,0.0
1.9597285140480238,2.0345981927976693,1.0
0.6079255108387711,-2.081132999496263,0.0
2.7373972480339965,0.6015084605974983,1.0
2.775007072168501,1.6184797371425228,0.0
5.704924412216942,0.4413796801602601,0.0
-1.9003066477127781,0.8907873414014222,0.0
-5.178711489088487,2.384383909929518,1.0
-4.567427863941639,-1.0329429726850905,1.0
3.7889445675134503,0.5838742699842712,0.0
-1.2763737566706954,-0.15938604374987175,0.0
4.254568718426164,-0.959973683640647,0.0
4.435796217746056,-2.471193414139851,0.0
3.3215812465035697,2.0852857983284183,0.0
-3.818188165951935,-0.41792080576679735,1.0
-4.014002704036132,1.239624773965307,0.0
0.42417321673988084,0.8119400802499261,1.0
-3.642156396525466,-1.7295248276854829,0.0
-5.502032093881123,-1.0675947888256216,0.0
0.7169359360040994,2.147609483983973,0.0
2.003129369504169,-0.3876220596014912,0.0
5.437441372729653,1.3154712034549911,1.0
5.1619824343506,0.16552783963299422,1.0
-2.893148702482325,-2.683039881811668,1.0
2.713018217806205,-2.2721820119667955,1.0
-2.366698460736394,0.19482544730338436,0.0
0.7729990533569726,0.6034991819228162,1.0
-4.004936035803592,-0.7215755710701073,1.0
1.4063307254036008,2.8189131878027087,0.0
2.731573652396264,2.535622542563747,0.0
3.146544699770125,0.5503018133544026,0.0
-3.6957195703638654,1.0001139113550783,1.0
1.4805547915188848,0.6148150227435987,0.0
-0.12256958414111097,0.17193962393565343,0.0
-1.9866896745827507,0.11587615585381883,0.0
-3.629329131858261,1.8310463841622608,0.0
-3.7706765436155063,-2.4902022606632013,0.0
-0.765047683714112,0.9498446370363709,0.0
-0.7473981007975041,-1.3394752082921484,0.0
0.6980542066852884,-0.9179859875268006,0.0
5.194412281519597,2.5358708376214327,1.0
0.028461839665145483,-1.032696035890449,1.0
2.845588967479669,-2.7797223391016,1.0
-0.30277192747618464,-0.9820596343779986,1.0
5.046430621230655,-2.9279818363639047,1.0
0.633778508620189,1.443981486399756,0.0
-0.17978414971150514,-2.48758181902367,0.0
5.669536680334826,0.10806258825658777,0.0
1.3702349318281364,-1.580341303754956,0.0
-0.19802297871835428,-0.42510304825006884,1.0
-5.101249895976196,-2.363037878715197,1.0
4.049670235425294,-1.5610802867604585,0.0
-3.6605007420164335,0.0294687075008353,1.0
3.2249655763501544,-2.6283208885260727,1.0
0.9216950356590701,-2.28473734295656,0.0
-5.5624673900925785,-2.683536287026696,1.0
4.0099692985012965,-2.2921650982316306,0.0
-5.458183627052497,-0.3726006771425263,0.0
4.127921663304297,-1.4255497410641884,0.0
-0.9394485896890039,-2.7604648046174924,1.0
-0.6110578303814895,0.46567848382280186,0.0
0.8508846450257375,-1.005439846953809,1.0
-2.213601832042374,-2.3602582863804127,0.0
-1.5984201522447794,-2.403031986762212,0.0
3.1991513365446202,2.797645786489115,0.0
5.640893480000482,2.1904265962523635,0.0
1.2095057920754293,1.2051941834632798,1.0
-2.577530367835031,0.7846225210357236,0.0
-0.5322054067214701,-0.10789596133840496,0.0
3.093318724501895,-1.3084898664164901,1.0
-2.1835246596657614,2.54785074677182,0.0
-5.3253084617883335,-0.08619420951995771,0.0
4.953609604894341,0.662178046908942,1.0
0.556884890545585,-1.5015349246238687,0.0
-1.8806941312266208,2.112290494828158,0.0
0.7106175812214977,0.08845316254067903,1.0
-4.805043437519653,-2.903831061269261,0.0
5.56422226424459,-0.7380829962789504,0.0
1.2385567451940513,-2.52170956087629,0.0
2.1973714286765578,2.5954002522357653,1.0
0.9079830359690355,-2.2433080657475366,0.0
0.9806583296817202,1.5980832786279144,1.0
-1.123001561111776,2.2790264876488067,0.0
1.7841954402883733,2.395493509735215,1.0
1.4820637349680466,-2.2122721679710544,0.0
-2.2836994667377306,-1.7892303104852585,0.0
4.905917972602348,1.5624004037248955,1.0
2.116780426920073,-1.19420208221027,1.0
-3.7914627353974377,1.5387065279334706,0.0
-0.310104649451044,-1.6452626870962253,1.0
1.399463737983301,-2.757996887169288,0.0
-2.085956950460958,-0.18865803245319235,0.0
-4.22449999068713,2.907926865545037,0.0
-3.490831624924629,-2.2178812197404065,0.0
-3.5575815133572433,1.6143667989583452,1.0
-0.8939320887378859,0.39249563851522806,0.0
-5.747890116163671,-2.7934121485601127,1.0
-0.6500934020758056,1.899931459209741,0.0
4.622866544490783,-2.4797605944261587,1.0
0.46035722521227385,2.4793781176756227,0.0
-1.3443269472253636,1.9773949885702118,0.0
-4.395652147206766,2.612366938006792,0.0
3.017079810375632,2.6480063567214103,0.0
2.1194068026300776,-0.8195764080034378,0.0
5.258174070296668,-1.3465993421449292,1.0
-2.0139297352592096,1.2048505080104421,0.0
3.1837955943046357,2.576420903094923,0.0
-3.542371091325486,1.7879882113153442,1.0
2.8625526407635604,-2.617232662478413,1.0
-1.3533223054775165,-1.3034072576394085,0.0
-2.3461149077516352,2.8976812773282052,1.0
1.7133289617591352,1.3060569467609975,0.0
5.71941164778011,-0.7367893052541676,0.0
3.6220820214336715,-0.3928142201730278,0.0
4.434404061779757,-1.916054752132181,0.0
5.372234124771355,-1.687369749534722,1.0
-2.0853539162288217,1.5371534046406827,0.0
-1.2749383012151192,0.6492682605986797,0.0
-0.665117987166858,1.454219622538691,0.0
-3.26002497157667,-2.6492520765787377,0.0
-2.400847230323205,-0.15414801078941842,0.0
-3.983759373687857,-0.8712162620616679,1.0
-1.2002037804771781,-2.6556489378703585,1.0
0.9996869782104545,2.306060567827725,0.0
-4.1790850445633705,0.5868480804090841,1.0
1.9768704589301551,-0.48399191748426995,0.0
2.4131710483712396,-0.5356107390539275,1.0
0.055647455729218365,-2.955881732673438,0.0
2.3006413696162653,0.9680560736683468,1.0
-5.539189472083866,-0.7904993556292013,0.0
5.748382089500009,-0.4755806245882992,0.0
0.023344861582100584,2.459580948958312,0.0
2.6071425103890764,0.4924207867453414,1.0
3.57365617609287,2.1861975987358395,0.0
-0.5173431391527981,-0.14934981040898787,0.0
-1.3673887721779705,2.800236840110763,0.0
2.365995051484205,-2.500661602751566,0.0
4.355515479756221,-0.11664035498239134,0.0
-5.17495312293015,0.29830353097986606,0.0
-0.9940286522915756,2.2664964291757492,0.0
-3.5520647566873516,1.9587876569530973,0.0
0.6922642942254331,-2.6723381807191857,0.0
5.662143615905816,0.07569146461919951,0.0
-2.50947774922101,-0.1835589480644515,0.0
4.294293402209867,-1.170581253689619,0.0
-3.687883242159596,-2.2255725184147113,0.0
-2.425687219317465,1.6802885222402608,0.0
-0.34048361765685975,-1.6351103778387601,1.0
-4.005780004683009,-1.0036231409377254,1.0
5.279092474628506,-0.9418397244598538,1.0
5.857488911455624,-0.08861726540786297,0.0
-3.8500329805181894,2.3468405507610566,0.0
-0.4757355223820774,1.2580280610271464,0.0
5.8045389985098215,-2.698947898080156,0.0
-4.839665282549195,1.3227404487765373,1.0
-2.618099960454336,-1.8941916182994056,1.0
-5.527657442163246,-2.868919728082789,1.0
3.2938272374374904,-2.1933994357827,1.0
-0.38735260834618934,0.6353808910768981,0.0
-0.859778393173845,-2.8373600859826014,1.0
3.402018031054906,-2.936920652750079,1.0
3.1426787325298076,2.359826962728736,0.0
-0.8059209473139326,0.2132548385867894,0.0
-0.27619928858815435,-0.6647482882593669,1.0
4.649094424444323,2.363601064019943,1.0
-1.9702036243015861,0.6904185240881882,0.0
5.12289074575037,2.772350993648109,1.0
0.10750848506457089,-0.28305116829403953,1.0
-2.6556682088576906,2.75323123914246,1.0
-4.286228346325592,0.47897745628635,1.0
-2.6093967897763335,-1.3259502579132203,0.0
-1.140376951485738,2.992757614893927,0.0
-5.340404317922135,0.4712509092211885,0.0
-5.009134103576674,-2.072875020056886,1.0
-0.7252446987252164,0.0627607880786476,0.0
-2.894491099625712,-1.101257214753503,0.0
-4.956395756928803,-1.1806812969344969,1.0
5.5987012725665295,2.66824429003489,0.0
-1.9814605183561795,0.42512361767256923,0.0
4.915144693331332,-2.96289706415462,1.0
3.7282028440511024,2.6902173167335137,0.0
-4.904091187997315,-2.031313883802474,1.0
5.528955633256265,0.22524086184207803,0.0
-5.829640386339316,-1.454208007418825,0.0
-0.6006759087736846,1.1574534661486062,0.0
2.7979245376415953,2.9725290775527364,0.0
-2.5498656073948918,0.22932061121085123,0.0
0.3998825743152601,-0.566128443316575,1.0
-3.9700572738909576,2.864739379103055,0.0
4.239806239999034,-0.010001830234577014,0.0
1.2389450722083577,-1.6364336786420262,0.0
0.5254448447009628,1.1698207987288551,0.0
0.18200434063906545,2.9417110235096473,0.0
1.3360998749727138,-0.7741577244469857,0.0
3.265824331390057,-1.9772249305101477,1.0
-1.3858102355248016,-0.918246297734485,0.0
-0.8183148587066729,1.6906789555723574,0.0
-0.1899236140391105,1.764086701595776,0.0
0.9178668376783907,-0.9475833920546677,0.0
3.7197449242016702,-1.5702619766814505,0.0
-3.307404242402454,0.027017544329014598,0.0
-2.869809048454933,-2.945477790292702,1.0
1.7795703275856187,0.0665629288343883,0.0
-0.6537862260820653,2.8018110877098916,0.0
0.8543902075549639,2.180589466736307,0.0
-4.326597165538078,0.41523877877656634,1.0
4.415755520770835,0.49863454367938775,0.0
2.616170137524019,-0.7677385931267557,1.0
-4.890605795555201,-0.25259822923757147,0.0
-1.2662473099337097,2.2023610942736838,0.0
-3.072056371770333,2.800405365210649,1.0
5.497657437653954,-1.5142101415713678,1.0
-1.8233765342721542,2.3733344452433105,0.0
5.599466650753289,-0.33936538298373575,0.0
-2.148035452309226,0.156564079509252,0.0
2.2532304763888185,-1.3591529077501212,1.0
2.837678095428874,-2.690055857312154,1.0
-5.408466086827003,-0.6822737691267289,0.0
-1.758321695271353,-1.1062007077970863,0.0
-0.10776284797307945,-1.0755985061305726,1.0
-3.692904978382897,-1.1431827054683945,1.0
5.69885127372282,-0.5333194980309086,0.0
-0.6634466776999712,0.45926993970684027,0.0
5.800089220970719,-1.550392341385422,0.0
2.175385326389206,1.2959081612503445,1.0
1.2878930015167906,-2.4685299621801358,0.0
2.1224673099309186,-2.6154317337829474,0.0
1.1537117945987632,1.4374870633304564,1.0
-3.468361312560595,2.0497320452566443,1.0
-5.635754333603948,2.062877181949837,0.0
-0.47605139228681903,-1.694472360410133,1.0
-4.3946622600723835,2.7198430054942353,0.0
-5.12801294902612,-1.805439480384446,1.0
-1.8261318308034484,0.7214090937667228,0.0
0.5376130233131811,-2.246139045526116,0.0
-2.5232641951414245,-1.5674893734838555,0.0
-3.4374857461159034,-0.5331339811200779,1.0
2.448377431099882,-1.6952824066965844,1.0
-1.599853443564223,-0.6544954389530266,0.0
5.717478353224923,2.727998141274413,0.0
3.6016509930249114,-1.550046475084889,0.0
-5.183552230899964,-1.0985751736762515,0.0
-2.7984654067940298,0.035554800878363046,0.0
3.3327349208135164,2.149937633273148,0.0
4.138369024926103,-0.8419466326615934,0.0
2.246812121528194,-1.1229948148546798,1.0
-5.269133481177807,1.2093915936176538,0.0
-5.882069369162545,-0.5449044752490684,0.0
-2.0474487683750913,1.1602652311131143,0.0
3.194945673124547,-1.175432184172297,1.0
3.7395241733382427,-1.2364994369703974,0.0
-0.6440836801612653,1.3621111620848039,0.0
2.3150427506974633,2.9242108338732002,1.0
-3.2980677094088175,0.9739074812374939,1.0
1.3161828993093287,2.4905907269401792,1.0
-4.123654300261499,1.510788981521598,0.0
0.8192233952252206,-1.3520047812725675,1.0
-0.30678103023391046,-0.9973404175812135,1.0
0.9517608334615311,2.3340036648879954,0.0
0.8316598129464241,0.7903345099595045,1.0
0.22497416537651382,-2.6930069613271446,0.0
-3.205697317486869,-0.04798962340750368,0.0
-2.2771765950635428,-1.9094184134328347,0.0
0.04959410302125988,-1.063141239312898,1.0
-2.9027082819190233,-0.2160874953577152,0.0
-4.400588903013922,2.566474398452444,0.0
4.412425175030869,1.2457235144432115,0.0
-4.725434068938526,1.6552635268181586,1.0
3.6954879373082274,1.6065877062860263,0.0
-4.632409354569106,0.8634477424065885,1.0
4.011897548992783,0.4641204073180063,0.0
1.756888502737068,-0.24981912344216273,0.0
0.3444878386086314,-2.7937388498896487,0.0
1.6675562636794155,-2.511316722653045,0.0
-0.7798248679173199,-1.244069413995553,0.0
0.5451354025405575,-2.1995019868607573,0.0
2.2997208236798183,1.7700692215708225,1.0
-4.039746603082122,-2.374121475888707,0.0
-4.25381420655169,2.2627653713910103,0.0
0.338271141076274,-0.19643402395498466,1.0
-4.719458170771748,0.897336040541771,1.0
4.415995102741078,1.9691152159407181,0.0
1.5126565077696155,-2.548327700089958,0.0
-4.651235673887845,-2.704146077341052,0.0
-2.9102494020903684,-2.1860311970377335,1.0
-2.8794235169707934,-0.6896516656862302,0.0
5.315793408853628,0.6622563586901524,1.0
4.019685428195547,1.2621090042739933,0.0
-4.649962433680419,1.415522438243693,1.0
-2.698813421290507,0.8346470819682379,0.0
-1.9084563162841377,2.9860335795879553,0.0
-2.837382246038666,-1.325217175354382,0.0
5.16806706674878,-2.8521335721820638,1.0
2.360267854478362,1.3519583444152685,1.0
4.036542928924792,2.846635863830852,0.0
5.707223029879829,-2.6083394546012166,0.0
3.8620718730348305,0.8778596019442881,0.0
1.7681056124770942,-2.229900440311831,0.0
1.80224599734784,2.8948954836074865,1.0
4.9418228344733635,-0.3652160351708966,1.0
-5.520624320566868,-0.826239059998771,0.0
3.916683739206663,1.208994608790996,0.0
-0.4878761328725236,-2.6693907890470134,1.0
-0.8772632661203685,-0.1858503616926992,0.0
5.1426663947296305,0.8465166214929569,1.0
-2.2601650001442133,0.15190958670432853,0.0
-5.20733630613408,2.8354094138984207,1.0
-1.6792811768312879,-0.13279587052118513,0.0
-1.7365923091569293,1.0950703806972006,0.0
1.9467858999551169,1.2919338631748136,1.0
-2.78228124465695,-1.105989113015604,0.0
-4.496985226845505,0.9330598310766756,1.0
-5.522434471972169,0.5860940131407544,0.0
4.436350618219606,2.344992889737801,0.0
-0.6115468755604603,-0.2441778707215576,0.0
-5.076369803903791,1.0245901526582148,0.0
3.8551130444741464,-1.5320696723717218,0.0
-0.9443894203996237,2.033036020591622,0.0
4.525445611947456,-1.5409201184146444,1.0
0.6068476144963704,-1.8450410961850376,0.0
-4.777454830325322,2.466723008351745,1.0
3.8460900507853104,1.5602094108190432,0.0
-5.414804174242315,2.062372756261545,1.0
-0.7434710891353955,-0.945629260224842,0.0
0.5577163323045173,-2.451880543658665,0.0
3.079758592228785,0.49461046132977504,0.0
-3.7609188375219897,-1.8706068013857264,0.0
-3.7890161811279093,-2.657985674688396,0.0
1.0535813924602175,2.042089065531049,1.0
-5.790021432151336,-2.7059721301723587,1.0
0.8732433202433496,1.9169741123163142,0.0
-2.079133313176397,-0.9023136071536673,0.0
1.1561579699613116,-1.354722665255118,1.0
-5.68069960706779,1.4113711086095764,0.0
1.507798955297437,0.4845359943339549,0.0
2.900209547901877,1.051385025372225,0.0
-3.529416141860146,-0.8851137183398929,1.0
-4.4866782998565,-2.2208579194927136,0.0
2.114348956278471,2.151600641894989,1.0
5.552791006333669,0.7700827052966663,0.0
-3.7907841196685164,-2.3660979273064155,0.0
3.7542116584410934,0.47253885815999563,0.0
1.4194202521646382,1.6887725325282554,1.0
2.4393267327894197,2.00674951713658,1.0
-5.325433134481458,1.4851238204790285,0.0
4.210233087865145,-1.283189745250114,0.0
1.6853672879190338,-1.1150276169781674,1.0
5.4956527977894485,-2.7994585653869777,1.0
0.9575141259954609,-2.0009787177029095,0.0
2.546642462125904,-1.9446582994880275,1.0
-3.175400857219709,-0.03377513372545149,0.0
4.9780193999625375,-1.729713767112175,1.0
-4.269119746582758,1.5538609911241839,0.0
0.007434388007171222,2.470710674290628,0.0
-4.240625314081893,0.8755673581382357,1.0
-3.2054502461782195,-2.059437428090164,1.0
2.2011529818872457,0.5621077194523991,1.0
3.0579295003479743,-1.1432245413229059,1.0
-0.6243401234137202,-0.5671699420174892,0.0
5.809073567598171,-1.2465062595636727,0.0
-2.4621931398387975,-0.8727107470283557,0.0
0.7751289754838577,-1.4860635344175286,1.0
4.9834792845512865,-1.405886610802419,1.0
4.749788778722337,-2.379149618120492,1.0
1.8787524287958277,2.4419131106294625,1.0
-3.9750067392212456,2.80996176059553,0.0
-0.5653996750138592,2.674290650646147,0.0
2.1218405235605644,-1.1904787807586907,1.0
-3.740369700994723,-1.1775897226494036,1.0
-4.8837910888479,-2.1367922019400214,1.0
-4.744074715842226,-0.46233873755065336,0.0
3.5469405150910376,-2.151698674701959,0.0
-4.43615480193197,0.8605736971039848,1.0
-3.6338042163832047,-2.41433977134605,0.0
-3.9978170615330684,2.542388375260657,0.0
3.8576550333142894,-0.8756126258694357,0.0
1.8698492079287137,0.2236540420082287,0.0
2.1254911617907677,1.096026914776556,1.0
1.5448081807199152,-1.4033917887761485,1.0
-5.531922950846182,-0.2665993080593472,0.0
4.691686616288447,0.41698355111145524,1.0
3.9886925004228946,2.949746057767369,0.0
-4.036605550340685,1.1506658348518943,0.0
2.0915228844002947,2.879732684149671,1.0
5.827208807433603,1.1200716703447764,0.0
-3.076622496213669,1.7913350287835943,1.0
-4.715650389467543,1.6841958250297724,1.0
4.9223534897363574,-0.7029996313893885,1.0
1.5676235397969656,-0.4191436074190422,0.0
-0.7468193401424585,-1.1377746653512797,0.0
3.145555445403895,2.617059384999031,0.0
5.289010310813534,-1.951312290750397,1.0
4.496923795878793,1.4245886485627324,0.0
-2.965951191716529,-2.5962923224709127,1.0
-2.7840327973874643,2.4732494206891538,1.0
1.5981440987492679,1.3263279653872306,1.0
-2.91417178669085,1.316328933448922,1.0
-5.6625419246649145,-0.7480719253619172,0.0
1.5210401825079742,-2.1234206067520787,0.0
3.8760428933632163,-1.5898122071284881,0.0
1.827373353821355,-0.5688171445480217,0.0
1.1525231457317666,-2.355296684226551,0.0
-5.797046400940712,2.4573865642818067,0.0
-2.7644398947938065,1.9180620166827547,1.0
5.992203605666402,-1.731412452006533,0.0
-2.817951105799733,0.9771587258079943,0.0
5.585383615207455,2.4948860891444635,0.0
0.03450624078701914,1.7706616951603475,0.0
-4.371049762801187,2.8646291052240738,0.0
5.5722388084318375,-2.017626252724974,0.0
-2.4069225023627205,-2.399070014959398,1.0
-2.7393888132218436,1.8957347364912396,1.0
-1.4602127140168868,-2.4696181971194497,0.0
-1.8932937026531453,2.8883000054476806,0.0
1.5562031431104355,-0.5030343215630535,0.0
-4.00153783803276,2.917060783702169,0.0
3.8501881111575447,-1.3111361852944836,0.0
-5.159175651345727,-2.660246655734652,1.0
-4.555462205933594,0.4846115016865298,1.0
5.145161054465909,-0.019539431964092913,1.0
4.115345789474366,-0.32468028084115286,0.0
2.503002549213903,1.391236423719005,1.0
-3.912435529159936,-0.8327036461451294,1.0
1.647625878456287,-2.575820350893803,0.0
-1.6615177468445204,0.20879679768715498,0.0
5.954693916535664,-0.15279862426535562,0.0
3.792681085371882,-0.4075962896002938,0.0
3.5566886714365076,0.5724888097206504,0.0
4.6391452980287795,-0.5343446858993408,1.0
1.2516530378577464,0.7801120837129645,1.0
-0.9914046983943203,-2.1341277378751107,1.0
-4.877287117051973,-2.8999706964022014,0.0
4.4824111709425765,-1.5811505265678327,0.0
-3.4619190086187834,1.4162124025563934,1.0
-2.159806642951299,0.03626815447101972,0.0
-4.049867216430524,2.7584743287718156,0.0
4.218976800206848,2.1827377377900197,0.0
-1.118715017135937,1.574167282243037,0.0
-4.2734861353226385,-2.9482859844493183,0.0
-5.760324809063663,0.5196104244273627,0.0
-0.53526113702471,0.10809209345111848,0.0
-5.910442314993367,-0.46388028205544574,0.0
2.6168179344103297,-0.34383778819538513,1.0
2.7866304757466676,-1.6018862136189913,1.0
3.7577040537807065,0.530587442720714,0.0
-3.4708428068411252,-1.5796771448770024,1.0
1.536365574834445,1.9796375592746607,1.0
-1.0124666156501378,-1.4501974252344467,0.0
4.404139282927204,1.0156097505050097,0.0
-0.6229741526030814,-0.07259882832418896,0.0
-3.548922384763243,0.7608157803890636,1.0
-1.6950898734853368,2.973871060046095,0.0
-0.2377978168573458,-0.08468636286232112,0.0
0.7902214489280626,2.5005360187124808,0.0
3.6098171983170033,-0.2932195812129512,0.0
2.6243911916735527,0.5174129926845699,1.0
-0.09159541558501338,-1.8461053632938969,1.0
-0.432764838541309,-1.5250884778645522,1.0
4.978105798219856,-0.9875591190219186,1.0
5.427168174400467,0.1983317405682672,1.0
1.5785325441139237,0.2576426669359666,0.0
-4.447432596399589,-0.745072685952354,1.0
-4.810246652668512,0.7377242651002902,1.0
-0.637509657594733,1.6679098294256214,0.0
-3.354354228007562,-2.0126036494239905,1.0
-1.1240132284347863,2.5595122993102866,0.0
2.525061780148942,-0.486458251242488,1.0
0.20726603705172675,-2.49472193293741,0.0
5.814910756513356,0.9984438281695134,0.0
-2.5751511784389303,0.514850365291466,0.0
-4.686211607172073,2.7950200128455016,0.0
-3.9025801453996087,0.8881819083312852,1.0
-3.0545464495328347,1.3053682958912143,1.0
3.3218564068833736,1.040518373468596,0.0
1.3739935230623104,2.35481456371207,1.0
-5.0564794681229035,-1.0145114053188289,0.0
-3.0205502444298484,2.9280837723925295,1.0
-1.327322643997518,1.3956761954423929,0.0
2.216701966572055,-1.7275125751357336,0.0
-3.132027837461384,-1.3122926186817954,1.0
-1.0664726608874489,-1.5940496060968392,0.0
-5.764182207037827,2.2763583408431725,0.0
5.58731797657061,-0.9505776778105925,0.0
-1.9379174468943257,-2.957449123353774,0.0
2.1630082599644886,1.9526393744917723,1.0
-4.240700395679962,-2.042001903797096,0.0
3.4809989996572526,0.6977444901248679,0.0
-5.461673308467396,0.7352819427736899,0.0
-2.2929873258748072,-0.7876490671749243,0.0
3.236777019562563,1.8656111560356639,0.0
-1.1957204779220323,2.6829176160381287,0.0
-1.1224473845751337,1.6310162113806594,0.0
-0.1934728252288913,2.385193959132504,0.0
4.893134923802144,-2.475499152773497,1.0
5.237919975722708,1.9532090491224938,1.0
3.495728571752002,-1.7945319618868654,0.0
3.6614305050559786,2.100796408110221,0.0
-2.5301959865501886,2.7135604701739426,1.0
-5.4016782432100285,-2.1005444805171622,1.0
0.4509736566181717,0.45475482673385814,1.0
1.7418009996108408,-2.898185224107201,0.0
5.524401295465562,-2.732471443595136,0.0
-4.283256567319171,-2.9159128948436583,0.0
0.8023011995291363,2.5936013035258334,0.0
1.9913659929655712,1.9359448108825639,1.0
-5.840625558497039,0.25209179087835665,0.0
-0.48524426993373737,-0.0061923346752417174,0.0
-5.133441775977745,1.1066121664158448,0.0
0.0386449783036138,1.5908930991675838,0.0
-0.17651239125941576,-2.1037101826414073,1.0
1.7790834489338643,-1.9656818273690027,0.0
4.468734760257778,0.678697434415449,0.0
-4.113553397316549,2.774028344887241,0.0
0.22038556002384802,-2.56260928877007,0.0
1.5219948529808072,-1.4808065579231386,1.0
3.6443214225276286,1.906932441397144,0.0
5.747368270255942,0.011217186147022495,0.0
-0.540517443267154,1.5208536326788842,0.0
-4.410352123896882,0.28149308275874496,1.0
0.5549712015702113,-2.4631612631376765,0.0
-0.9841909739170376,2.1197087914032116,0.0
4.273843463935924,-2.404574010481914,0.0
-4.91134940702603,-1.4238271379883882,1.0
4.497192750647923,-2.2265844895590066,0.0
2.6399616315293546,-2.3930062823213807,1.0
1.4776542449739045,-0.8635962052851314,0.0
3.4669675555904043,-1.5978573070478184,0.0
1.6704219526795185,-1.5859047925446903,0.0
2.563923397345846,2.2420682073644924,1.0
-4.4783784104788795,2.199574131573021,0.0
1.1229030529715747,-2.237337054797856,0.0
-0.8694977356834563,-2.034838239089413,1.0
2.404174666398834,1.5532088065076977,1.0
-4.730441756726412,0.03683911616786606,0.0
3.775500672311006,2.616978249305979,0.0
0.16221440090123984,2.7016753416684427,0.0
0.4282676454723582,-0.6348570324005522,1.0
4.178437542634747,-0.042103737251465656,0.0
-0.337169873225724,-0.0581250635410302,0.0
4.161420022436944,1.9916492501283125,0.0
-1.1577600907174652,-1.00020084077685,0.0
-0.0968637115304487,0.43663505842265415,0.0
-3.1399534724640366,1.763730508293544,1.0
-0.1622068112109254,-0.9957267094802424,1.0
-4.718148084432112,-1.5669290375783584,1.0
5.391374061071804,-1.1694018790828404,1.0
-3.9736885275955762,-0.23596325007004104,1.0
-2.3149470796770157,-2.789044498372835,1.0
-2.122257392646993,0.26465174363681143,0.0
0.6205484642396026,-0.8606464729386678,0.0
-0.6323669249687924,2.793107509408598,0.0
-1.471818273236261,-1.4506391204401021,0.0
-3.0783954711988786,-0.25341232377519507,0.0
3.1142417846033297,-1.7640708948691608,1.0
2.511553525689216,-2.8731010599035023,1.0
-0.9728042641926482,1.6551903912167214,0.0
-1.935204530706823,0.38242260867239697,0.0
-3.5402492060890705,1.4519723467570333,1.0
-5.372650760774885,2.1152558692530024,1.0
-3.6216433629399822,2.2463881902499843,0.0
-1.7696491043937925,1.3361014468469197,0.0
-2.1692964265657384,2.4354700274078853,0.0
-4.480354493779508,-1.9288812643644078,1.0
-0.08363849809437252,-2.5083693657711232,0.0
-3.648237783578857,2.6625982932720866,0.0
5.717875933774646,-0.7424440240174683,0.0
5.079432252167228,0.26894805404059063,1.0
-2.7630904095147955,1.2143923264835923,0.0
1.906821678898286,2.9347519146524004,1.0
-2.8194325510886005,1.0323570159704127,0.0
-5.375714939646637,-2.3181237678196833,1.0
-5.952979500586881,2.9967640863580387,1.0
3.6272843657697322,1.7203380884012445,0.0
0.11671290345815599,-1.1995975025673604,1.0
-4.184828586447889,-1.291951566921218,1.0
-1.4883453368503305,1.5378605818817643,0.0
0.47594146683782945,-2.5350982406671037,0.0
-5.783651892493053,-2.3860069227956213,0.0
-1.0740154356314484,2.5991575022941102,0.0
1.6488297745106593,1.810955399253091,1.0
-0.40350486594541746,-0.8300035008297435,1.0
-4.699195527400527,2.25559813311723,1.0
3.397920348334834,-1.9912914144136493,0.0
0.14712676651512613,-0.07575115247253095,1.0
1.5010986322383433,2.677121363947567,1.0
0.957257301149756,0.24130360067171175,1.0
-5.396124804784033,-2.6225551438918564,1.0
-3.7518385040785334,-2.8051753698495103,0.0
2.9202347468401477,1.3399818239637789,0.0
-4.367325186820285,2.016473404771686,0.0
-4.142567581846656,-1.1929464780158472,1.0
-3.01227721006362,-0.7661574085617131,0.0
-2.9440348093204576,-0.06629444136928786,0.0
-1.1111054237437745,2.919416944675959,0.0
-5.328883798461292,-2.1469117416758903,1.0
-5.366089273096771,0.7550471698942545,0.0
-5.345888671035365,2.01863842425674,1.0
0.14326356818313357,0.16204574748920209,1.0
0.7391340925463306,-1.9751177621627356,0.0
-3.6277163626261495,-1.087096062761972,1.0
1.121956989862217,-1.7392933443587129,0.0
-4.604019274400866,2.8207013185105936,0.0
-5.736218222284525,1.8161844320161293,0.0
3.4564217949002654,-1.216715316929424,0.0
-4.372480607912239,-2.1262281197674593,0.0
2.3691794068463103,0.8568395465170422,1.0
3.392948091016642,2.624887034394628,0.0
2.3031283591991034,-2.0648907806913392,0.0
-3.078688598815072,2.0531623852386875,1.0
-3.488327089989497,-2.5648660982731117,0.0
2.439360648507005,-0.584841867059148,1.0
5.040480630550842,0.901530426561969,1.0
-4.914972266500071,2.6871394035219645,1.0
-2.8973128363170493,-0.9767250575622857,0.0
-1.172875035797496,-2.6926542215741205,1.0
-0.041814933232741325,-2.2600890535482465,0.0
-1.188356079739779,-0.895741272047494,0.0
3.2740810011180397,1.819023069796387,0.0
-4.159045411330943,-0.8006928757246428,1.0
-1.5197620676180197,-2.0915373363834897,0.0
3.581442060614286,1.2433699700125391,0.0
-3.7154185644355833,-0.7996685484372055,1.0
-4.73033970172183,0.7692395825582636,1.0
-4.543536905416564,2.9156050117495065,0.0
3.3681848962543484,-0.6585687024960296,0.0
0.9427671873522527,2.4680508972984523,0.0
0.6491913647499139,-1.953009081612269,0.0
-1.4555597330260888,2.0588691901784726,0.0
1.730556191875415,0.9043463060028021,0.0
4.401857828261869,2.3638383447750275,0.0
5.037510861353235,-2.4309048404810634,1.0
0.5295120235572108,1.4430571273099115,0.0
3.083122141524166,0.6402972118200232,0.0
-3.99855197779591,1.784523323649986,0.0
2.641336002179349,-2.4831853707057823,1.0
-0.4342821039074849,-1.9561356028691785,1.0
-1.9502754514443374,-2.891513446765887,0.0
-1.1960415790709007,0.2992615269372627,0.0
1.434991113925042,0.9809420707722607,1.0
4.035495757229519,-1.7072225563456198,0.0
-4.554218130738384,2.109223031387554,0.0
-4.120646221288201,2.8485604880171715,0.0
4.110458752783643,0.005259635337594659,0.0
5.777057099064303,-2.415739625351975,0.0
-2.3632108658987803,0.8293464902436689,0.0
-1.799917578321855,2.570235311884751,0.0
-5.212486941866189,0.2964709923657871,0.0
1.0903952087413735,0.9163687426633444,1.0
-2.932005320018227,-0.812601434880813,0.0
4.124166355979732,-1.830343386179041,0.0
3.922414166080344,0.37593253741645416,0.0
3.1462501343289855,1.281644197580829,0.0
-3.509862055381452,0.4128764186032372,1.0
4.4126778336611086,-0.40730257918842394,0.0
5.599089242679801,-0.28670939938969164,0.0
-4.286572359985383,-0.6633919195339608,1.0
5.4204288766864455,-1.0816749039608746,1.0
4.417177918404754,2.287504090091339,0.0
-1.7977617080164672,-2.5004540516962073,0.0
2.6946949099058184,-1.1309262059160838,1.0
3.3950833710908697,-0.34407091043740134,0.0
-0.17679909188854115,1.6674564404912209,0.0
-1.4116400272604652,-0.3412359280625128,0.0
-1.4857143747645338,-0.7959569083363203,0.0
0.3113589228175133,1.8527966670069045,0.0
-1.6587802569292096,0.1455283232264204,0.0
2.0487279053112104,-1.38336332217807,1.0
-2.6697263411712893,2.600478762140729,1.0
2.682414879973063,0.4631200573398533,1.0
1.7726406530473433,-2.82420334137949,0.0
1.4172355867403628,0.05705323934521145,0.0
0.548996157353228,-0.8434570390150977,1.0
-5.022313227444697,-1.8399645983276869,1.0
5.40893655855206,-0.5478026263743963,1.0
-0.39980213002962994,-2.683741260879366,1.0
-5.549205245472233,1.3030886822805456,0.0
0.45713596945333546,0.05223590529760003,1.0
-3.082505634927976,1.4685043897795333,1.0
-3.9811610506980974,-1.8603915380338798,0.0
-0.47145394382069483,-1.2823208273283546,1.0
-3.0304442252022437,0.8714258673199899,0.0
1.8116609426225345,1.9471024187995756,1.0
-0.9874971963242896,-2.5614894538430986,1.0
-2.716003380942508,2.880032779180901,1.0
1.1551029027924251,1.258422508806122,1.0
-5.911706044495025,0.10923439309512517,0.0
-5.549656109618363,0.4153812725486876,0.0
5.049250195632904,2.8105147830024473,1.0
0.4866321046670894,-0.250771168486704,1.0
5.3402051309819285,1.0416589919801709,1.0
-5.221208645539086,-0.20564653399501465,0.0
-3.117059778428353,-0.18117407130791063,0.0
-0.5344131359236588,0.4928688168884521,0.0
-1.7187541158089852,-2.014377303264432,0.0
0.044633215079475264,1.9812173060745728,0.0
1.968146736811228,-0.969792804448705,0.0
5.226276273106286,2.473245427495093,1.0
-3.4878192073908147,-2.7634944892778224,0.0
2.8957045002091473,1.9656615680949194,0.0
5.614374791416264,2.3390183645298643,0.0
1.206417218476978,0.1803140352742849,0.0
-5.665907384848964,-1.520061318931333,0.0
-0.4846229792048824,0.7710234005014067,0.0
0.6870219998209279,1.4558159380901436,0.0
-2.6427968293555097,0.38971564591483965,0.0
-4.942293079310494,-0.5180068585007582,0.0
3.001929995455212,1.1604051205742643,0.0
5.887712846066147,-1.332653244073464,0.0
-0.021728409912250335,-1.0228175173560197,1.0
-0.7127626312899036,2.141700779216329,0.0
2.2105089022618394,2.29464714808549,1.0
-3.5578667000173625,2.240166707048628,0.0
-5.282852709859387,2.3315956826229147,1.0
-2.051114646471265,-1.1124741995156011,0.0
0.1450629203839675,2.644141126339391,0.0
-5.426623623823136,-0.8866141495755282,0.0
4.278863864200028,-0.6236731353871994,0.0
-3.610117228835196,-0.4512349120115293,1.0
-1.3733699820999679,2.492497208800221,0.0
3.1432125089171645,0.030693334464038102,0.0
5.860446800658853,-0.20833481234445994,0.0
-5.301146030156698,-1.4263540691100907,0.0
-0.7671542373682492,-2.0585842551232796,1.0
5.370781515888517,1.6010933869066388,1.0
-2.780553594866728,0.5448272011074948,0.0
2.6573898853148634,2.6476735734407875,0.0
4.579624190104928,0.09115335682928194,1.0
3.2958314375162114,0.37286852296551,0.0
0.6324466805464812,-2.3115482499708486,0.0
-4.486348103806176,0.17720169013474463,1.0
-2.7736614602519207,-2.873778585237188,1.0
2.6740704468025474,-2.80508041985901,1.0
1.1433220932486545,0.2351627647638863,0.0
5.625776286933654,-0.09472116391415009,0.0
-5.236782763466431,0.31012780683877006,0.0
4.093154047393217,2.98109570568864,0.0
-0.8358819157311306,-1.078207545019545,0.0
4.879839563423987,-1.8525472255432718,1.0
1.3851469803951195,-0.5657134549143139,0.0
-5.507011620533337,-0.9162691541658132,0.0
-2.817257729967905,1.1165469236609216,0.0
5.385485972303018,-1.3917168757281735,1.0
3.7375912698201805,-2.667841098369543,0.0
0.4574521204777575,-2.5766996177406325,0.0
5.208395893567673,1.5981076833443417,1.0
1.895398934455108,1.9433782897479857,1.0
1.7702375468419582,2.8136663830457467,1.0
2.567495374377259,2.5479516574934804,1.0
0.20558270412765633,-2.297613522108824,0.0
0.3381326570762049,-2.23876303162144,0.0
1.109921750116861,-0.10504163683402234,0.0
1.4709047739933805,-2.9397181136710104,0.0
-3.661914100135631,-0.052017408527214926,1.0
5.406042739069619,-0.6983457578690495,1.0
-0.9075356873563845,1.2881765340397333,0.0
1.245513087433416,-1.2064430994100006,1.0
-1.0702032531908667,-1.6938012068566053,0.0
5.5922575095625024,-2.2161937106558414,0.0
-1.5379585852029667,-2.844966166679933,0.0
-3.338646096797443,1.6828268302809297,1.0
-3.5858972125334465,-2.5196195848262066,0.0
-0.30656184186572055,-2.940184591592889,0.0
-4.982806146884002,1.8457552173778504,1.0
3.2576801383152763,2.4908329224293766,0.0
4.254185230928995,1.0990533794389084,0.0
-5.3720057123920455,1.6970917079199452,0.0
4.1461297300867255,1.794492874631727,0.0
0.10174842369631243,-1.60258896810311,1.0
4.14395970826472,1.362976858440831,0.0
5.769134092666219,-2.0658444134644025,0.0
-3.2920250033753393,-1.7292111007109838,1.0
3.51047721145604,-1.878556221299291,0.0
-5.200082042120327,2.9913648395137713,1.0
-5.70219346265821,2.0114643609531937,0.0
-1.6155979013921664,2.0496927585468914,0.0
0.6554458945337398,2.4097873769181604,0.0
5.1143158369755195,-2.945410912315344,1.0
-5.095053888086541,-1.4978476225748671,1.0
2.0317849963620205,2.3296331790690363,1.0
-0.48069658447244734,0.6418386976455928,0.0
-3.7380017664532663,1.829801003290112,0.0
5.607937336241637,-1.3884064025124152,0.0
-0.06208858079344459,-2.4833033369617574,0.0
0.7096398775556203,0.01670065108008334,1.0
-4.266762190139069,-0.3476027212915498,1.0
-1.9907441749612413,0.1309852518311363,0.0
1.0278520251455898,-2.949026528356743,0.0
3.1320717953946637,1.2780857511704449,0.0
-1.6045633655217335,-2.68238438658709,0.0
3.0591904774206036,2.7310509628687942,0.0
-3.1181808477358297,-1.0588523175777727,1.0
-3.7942453262182205,0.4616167400690383,1.0
-4.141903264230541,-0.8628363392317233,1.0
2.3641561672111564,0.3606958980560906,1.0
-1.3624492280647775,-0.47850238915474863,0.0
0.745330591478754,-2.964811632677032,0.0
-5.057881578556682,2.28754840657807,1.0
-5.065452130904511,1.2408215772630307,1.0
5.0404579693086315,-1.3758983741896134,1.0
-1.5541027552858289,0.41352843506829773,0.0
4.580507635663016,2.6514335235625213,1.0
2.874758977335217,-2.480281434871836,1.0
2.0298498664182105,-0.5381776687640274,0.0
-0.35158800610726093,-2.7051096579289378,0.0
-3.707254327843702,1.7430816452018867,0.0
-0.5524940034256822,-1.1900265502131069,1.0
-1.3917711124205017,2.1263970799540814,0.0
2.9879882088594822,-1.3661076169135034,1.0
-4.58997791745152,-1.4880106701355698,1.0
5.049077412656803,0.4895330270985321,1.0
0.40176250493739474,0.5783615981547694,1.0
-1.607660811041817,1.842642121917077,0.0
0.27943499160299723,-2.2995125833872265,0.0
-4.451218502051244,0.2211548790157103,1.0
5.23884261685007,-1.1498872699428075,1.0
4.43449402631062,1.5845735194732757,0.0
-3.026250685117118,-2.781955510102545,1.0
-4.777832818291407,1.3709636030846415,1.0
-3.6039631435122397,-0.7723744769676371,1.0
0.020389992077097574,1.3528090107009767,0.0
-4.641225320890495,-0.5618015683352313,1.0
-0.17912509028765555,0.24496238382923785,0.0
3.8203276967426003,-1.9699308297406986,0.0
3.6939774219194668,1.1572705661799132,0.0
0.6704497703875116,1.1971672224154313,1.0
-1.0557871325801234,-2.1696144841912526,1.0
1.9891828831844078,0.14803384011373355,1.0
1.6724976065133061,-0.9720073138290601,0.0
4.882398928078031,0.5242192114534614,1.0
-4.975170188509514,-0.301176055773428,0.0
3.076272656923612,1.7648073703936342,0.0
-0.06483536683489532,2.3684854249878065,0.0
-2.7879787536684293,-0.5364078165704003,0.0
4.783162926827641,2.377540298829473,1.0
2.228553225896171,2.1538832827333207,1.0
-4.934720796525208,2.189969857246658,1.0
-2.152561121397279,-1.930010925430702,0.0
-3.127561963895444,-0.49218895191667755,0.0
-2.9856959447463933,-1.0765944839010058,1.0
-4.380258167140295,-1.2229394066460089,1.0
0.8674057745040145,-0.34887775145361655,0.0
-1.8393748651690665,1.478712773142684,0.0
4.722119656719816,1.5407353374143824,1.0
-2.01599157458785,1.4666530070253216,0.0
-4.1762378103113855,-2.2180920714522543,0.0
-1.8524755555660928,1.846214214264342,0.0
-3.0438210330923776,-2.6204795466079225,1.0
-4.419485577523739,2.1524698111774807,0.0
1.605399416967451,-1.48079301978014,1.0
0.6635499039381756,0.16547773455210235,1.0
1.8652317412879356,-1.600874673470302,0.0
4.372835846332773,-1.143788627519923,0.0
2.329579847714843,-2.9032521217667107,0.0
-1.5281144412702332,-0.8897410922471503,0.0
0.5218131429961739,-2.563582429336821,0.0
3.4815764847132993,-1.6933151893945888,0.0
2.1244537785841224,1.8192727394645587,1.0
0.7425234748981575,1.445299240331913,1.0
1.9423237465800662,-0.8668212170879546,0.0
3.706302468402784,-1.2317917806868321,0.0
0.8545550130182065,1.4723864348492368,1.0
-1.4525290822499084,-1.1833943542954497,0.0
-0.4878478779261268,1.907780966094922,0.0
5.159061157747978,0.27050047715934067,1.0
1.9375944638838227,2.419641733433485,1.0
-4.817437783044691,-1.6075285328030098,1.0
2.5068000750189903,1.9424667714737982,1.0
4.284348339966936,-0.5093569388704045,0.0
-4.927921172497598,-0.37331113620228074,0.0
-3.2311849175153546,-1.252821270020255,1.0
3.26721068205007,-2.546837483844679,1.0
3.930974609768425,-0.43398548505498535,0.0
1.152767173207141,-2.462086612585926,0.0
-1.951691059712644,-2.461794485910925,0.0
5.538524674573315,1.8435698959575024,0.0
-0.4844069477224773,-1.6583847100579734,1.0
5.201461262998226,-0.9324204256381696,1.0
-4.068186819751503,0.37898633072372956,1.0
5.325289444137793,-2.9770182569980648,1.0
-3.142501880952015,2.630685842462446,1.0
-3.9469683977140555,-2.320539290161081,0.0
0.8422465895976536,2.171062939768979,0.0
-0.27468218767288644,2.9673855401071485,0.0
2.150060394455913,-2.5555505567373134,0.0
5.913985580183704,-0.5526345793188572,0.0
-2.5511695938542096,0.34727510146731344,0.0
-2.3483088981496283,-2.481254957279086,1.0
-5.98285988304988,-0.3024998824784264,0.0
4.042361066719106,0.4338911137804593,0.0
5.99048758732129,-1.2789201261168002,0.0
-2.634539222879336,-2.0415032385963348,1.0
-4.031236940815978,-1.2888804239397131,0.0
3.5140805432823257,2.434540743818687,0.0
5.701046036492176,-1.6062620754212842,0.0
4.5755705473691,-1.0304694643359777,1.0
-4.645913465797387,2.2201495531209936,1.0
1.6332676157234225,-2.01161462351363,0.0
-0.8420249098439694,-1.276453830737594,0.0
2.8415348245223644,-0.27950261625439143,1.0
5.871359341276619,-2.6715301064424293,0.0
-1.7398168063650399,-0.10859899734013556,0.0
0.037602656979837334,-1.1043850656861793,1.0
2.7508829891708153,2.2484824409338486,0.0
5.264631623734356,1.8305602607971574,1.0
4.206962367679193,0.30327180371997287,0.0
3.910658717121775,-1.1789765451122867,0.0
-1.2182548546894267,-1.0985219170887341,0.0
-0.3913519746248948,-1.2865223025681818,1.0
5.539337307053362,-1.1229322319659911,0.0
-4.823465542668722,0.16090299630248062,0.0
-5.314811058657884,-2.336741002148517,1.0
-3.3673273296450446,-0.21389850070714989,0.0
-0.8009888122916653,1.7981511720167473,0.0
2.87369584660936,-0.4420902360557921,1.0
-1.9955495090924416,-1.1011872956310085,0.0
3.2879410475281077,-2.687565562672382,1.0
-5.8461402058727305,1.7732663515598883,0.0
-0.2742434881314084,-2.214713168678544,1.0
-3.173208784865985,2.5950237185842955,1.0
4.314035707498775,1.258710301343835,0.0
-0.21329723595208172,0.12194175714831434,0.0
5.702934423407504,2.7946226633057227,0.0
-3.4167714505699887,1.866627397831909,1.0
-3.6330880059957984,-1.7187751326962917,1.0
2.1131164099749213,-0.5699934084747094,1.0
5.178532885278242,-2.465941590623947,1.0
0.13830768971391638,2.5111291826587276,0.0
4.849363925754062,-2.0608247195055527,1.0
-1.6003475988425224,0.7147284002801775,0.0
-4.087261382743174,2.808133032274432,0.0
4.976991944731925,-1.998298925793185,1.0
-4.5461344648681745,-2.4875491031504082,0.0
4.913323968439574,-1.8382571412272353,1.0
-1.0045808574677437,-0.30689180608798194,0.0
1.188132530562811,-2.5695879375154504,0.0
-3.2788965911938086,2.5889423215135565,0.0
4.900921287222834,1.6877438844341537,1.0
-5.767185052581414,-1.0379593890233874,0.0
1.5355048241148932,-1.3488587293591459,1.0
4.915040340645328,0.8033367709946511,1.0
-5.137119392202653,2.4540335330142184,1.0
5.493199898114671,-2.533725489649647,1.0
0.3883228183357783,-1.1798143067149773,1.0
-1.285931082223172,-1.9220926922679487,0.0
0.936865224148951,2.747876119493344,0.0
0.036871203259308594,-2.502512511633113,0.0
1.4400160017289005,-0.958662033292458,0.0
4.271102275095574,-0.3919311101011784,0.0
-3.6859246926930527,-1.8533662638531303,0.0
3.225170168653925,-1.4064744101558406,1.0
3.2068007299106753,-1.7646761354004037,1.0
-2.139763575584287,-0.20707816536180346,0.0
5.318350196321408,2.590388548522948,1.0
-3.5175374949325464,-0.8506857525415632,1.0
-4.207207338554732,0.05991047588098297,1.0
-0.473009391664001,2.4045609747043946,0.0
5.160064533492871,-0.6985956539562475,1.0
-0.09914468377212682,2.3774174948767985,0.0
3.680493692940738,-2.9780621319321043,0.0
-2.15928522979701,-0.46935454838324464,0.0
-3.2434045958012194,-1.8025703046243675,1.0
-5.546585920851844,0.8602183504185632,0.0
-2.849876514202012,-2.6859169294121212,1.0
-3.2282482736632363,1.8114837170167597,1.0
4.21787017975856,-0.10160252884018384,0.0
-1.0071519550957664,2.8671221610106903,0.0
-3.593224084943161,-1.7078443028723491,1.0
-2.497593875563203,-1.9634560903134761,0.0
-1.447612821549761,2.4650053619385233,0.0
1.3841740875428918,-0.5283207083264179,0.0
5.212929534854577,-2.709214605145066,1.0
-3.4766858651776635,0.39533163061055365,1.0
1.38663147831815,-2.762654960624321,0.0
-1.163534905114414,0.8949237889852366,0.0
2.3768465568408192,0.8288394150976157,1.0
-2.1532413076689054,-2.438879258412543,0.0
-0.8746506429679908,-2.227473375791667,1.0
5.371483902248006,-0.14897480386423023,1.0
-2.192889907717589,1.5978244267134007,0.0
-0.0246168890128331,-1.1397958559252996,1.0
3.74361290868962,2.2029129060067323,0.0
2.0760979954641243,-2.7182134655539962,0.0
0.7958745619983851,1.57976947198369,1.0
-4.361963854997014,-1.6279754916923799,1.0
4.589941260817637,-2.8792696688815558,1.0
3.0327256539117116,-0.15736024491346257,0.0
-0.6387340939247181,-2.9574208050306767,1.0
3.832778771597914,-0.841050596180601,0.0
0.4891875756065147,1.063804118013957,0.0
2.4315549172549886,2.7358803529564337,1.0
0.3760794388393087,-0.6016826941534346,1.0
5.4444435179004955,0.8526614101531269,1.0
-2.4221957246813326,-2.241214527578573,1.0
4.110654017582176,-0.8269103832350906,0.0
1.9256366563731735,-0.1751014838046112,0.0
-3.61284264245954,0.6101196517227905,1.0
-5.271803172591812,-0.5199452407728469,0.0
0.5593792759640523,-0.3837181552885256,1.0
2.984066103011891,1.9675497272718747,0.0
3.254916888398137,-2.767122313129187,1.0
-3.6704547546483335,0.2196450555826459,1.0
5.217864485325615,2.0097406503127013,1.0
4.11041410022162,-1.1807508374419506,0.0
-0.8466252350555692,-0.1757643161043756,0.0
-4.1115409998010755,-2.8135912185332623,0.0
5.362834793526202,-1.5557244860189596,1.0
-3.1206131553164242,-2.499725677387443,1.0
5.142093023325343,0.47842268963863166,1.0
2.004442285504247,2.469461323578315,1.0
-1.8525579731905264,0.7290438668285049,0.0
-5.5344065432533505,-1.879364830613224,0.0
3.974949661079311,1.6006101380300146,0.0
-1.792287702514237,-0.7391362333547251,0.0
0.4026532026429539,-2.9985539718891925,0.0
-3.1050679675436657,-1.7506091483507134,1.0
-2.9942046390028385,1.835435055200648,1.0
-2.643913721442682,-1.850872067699111,1.0
0.05116152951637787,2.193870218236391,0.0
-3.1038035539500015,-2.528782543243208,1.0
-1.7231431698040236,1.4859109473898666,0.0
0.6082865363375358,1.9007602174460843,0.0
5.515105771310807,1.7559748605097028,0.0
1.2456369461250407,-0.039950471685717304,0.0
-5.5191709638208,2.9059318728842474,1.0
-1.3982265290994897,-2.0866307164987994,0.0
2.0005062647574814,-1.294270265427244,1.0
1.029339251172571,0.5206074470675475,1.0
-0.6512421491655704,2.0167116932702562,0.0
-2.8203952613346837,-0.3082044502935952,0.0
0.4523055430916578,0.9817483246037977,0.0
3.407662206067073,-0.6311563027304636,0.0
1.7525633291591518,-2.0963342815888852,0.0
5.191777206509743,-0.7016471614739785,1.0
2.7542570637172616,-2.877953508706934,1.0
-3.537754285142316,-0.07750473405853198,1.0
4.539029612788159,0.16353089970406298,1.0
5.158445787526549,-0.09721862050322194,1.0
-0.11461083916860026,-2.2815192689968087,0.0
3.631874929826637,-1.518207525197625,0.0
4.795349872467781,2.464945321982377,1.0
5.319721342489796,0.12138293461854,1.0
2.1251254174037317,1.6710952803699808,1.0
-4.427824576194412,0.6057431699849833,1.0
-5.5884251843602595,-0.014603499667644737,0.0
-4.141887820557271,-1.9024624442274918,0.0
-1.6194291996887813,-0.40537699970098195,0.0
1.478069094386247,-2.553429489368906,0.0
0.044301134849336066,-1.9042492184813933,1.0
0.8877021003809027,0.8244276735671008,1.0
0.6805110786342468,1.4297730628698462,0.0
-1.972689069109184,1.5906395497987855,0.0
-0.806795019501676,-0.09489301006441941,0.0
1.777225527132857,-2.8898496960046565,0.0
1.8479306570429799,0.711510894432692,0.0
-2.281834598960641,-2.485234290603063,1.0
-4.908774601043506,2.5393424819113717,1.0
2.271351854710046,-2.2373843173755574,0.0
-1.7193219682931238,0.5548979634095783,0.0
4.026860461087784,-2.738034427721949,0.0
-3.1604024223598937,2.3384939417722803,1.0
-5.890013397794203,-1.7916053832366756,0.0
5.508290111675592,0.6804110791330267,0.0
-2.8599436003499226,-2.5980534336249144,1.0
-5.661703914633334,-1.5315295221784364,0.0
4.577829835066925,-0.5045180742149431,1.0
2.644000429991916,2.5097102122797468,0.0
-1.1035144607662009,-1.8523357737756176,0.0
0.20541517028303424,2.448502122359127,0.0
3.652492969652407,-2.6050209398210775,0.0
2.3108736009309823,0.43138513475372253,1.0
4.889558116157106,-2.2651114988982166,1.0
0.4084333584558788,2.2767761610713535,0.0
-1.0797145590990844,-0.1080304936027976,0.0
-5.1544718679965005,-1.331138157306535,1.0
-2.105920209972632,2.6707346924693214,0.0
-2.6079916735060915,-0.2347875883820878,0.0
2.0556530827713573,-2.0268997655527357,0.0
-0.1626913542975057,1.4312342368554454,0.0
4.402262556324793,0.7575556479745602,0.0
2.028642183803374,-2.2422991644925863,0.0
5.349317966956166,-2.204555535093106,1.0
3.29607524618158,-1.411102069330087,0.0
5.203117724415019,1.3197572362168772,1.0
3.045764555740428,-1.6856449616407,1.0
-0.6835202803780707,0.7068791675357184,0.0
3.2396834184792116,-2.3762437445256626,1.0
5.54838379745434,2.341324023327336,0.0
-2.755816914052988,1.9365614581939923,1.0
0.21988707647788175,-0.22916111062788813,1.0
-2.226790730263135,0.4858115197895545,0.0
2.7586694124431723,-0.5344025702234507,1.0
1.5506303160995056,1.195877526931822,1.0
2.53346180418343,-2.6882034112129185,1.0
4.316973668220804,-0.25048011140971216,0.0
-2.8510070196454267,-1.5494129551219105,1.0
-0.20383064587259447,2.3209892368137552,0.0
-1.4598290198082369,1.49835448070126,0.0
-4.838175228153377,-0.14365978709362937,0.0
5.900233684712827,1.622626816754022,0.0
-3.473658138712644,0.0086488421874642,0.0
-3.1965028362172014,-0.5426344364249447,0.0
3.3610082848195777,1.6273488917424217,0.0
-3.2627954651713784,2.533339908929161,0.0
1.1108181931779217,-0.7204542542279126,0.0
0.02322696937032731,0.630427520626462,0.0
0.7186863821494249,-0.08156978678293081,1.0
0.059193649072801335,-1.941528537432683,0.0
3.7527948516561516,0.250561919646092,0.0
-4.427041659543563,1.5969426094966677,1.0
5.18932774052821,2.683841395421773,1.0
-1.571787211065927,-2.1868987586354756,0.0
0.22079551959678234,-2.324344623904676,0.0
5.207849022151407,-1.898522235869124,1.0
-2.966809680586031,-0.5601808386901777,0.0
-1.4020263772904906,1.7679773543873338,0.0
-0.5241981533884523,-1.9753904399799787,1.0
-2.793481254167111,0.054680311125132164,0.0
-4.230552990886381,0.6699340538760845,1.0
0.7889676786137514,1.288213898293546,1.0
5.2524553845524125,2.473527366606934,1.0
5.3529074168259765,-1.5317064178577944,1.0
-4.421216320327744,-1.186339797021309,1.0
4.741022073195776,2.832320847740929,1.0
4.311899412845712,-2.339893673234738,0.0
5.3691359767175175,-0.4598518358952841,1.0
-5.888276510851756,-0.3456375555108382,0.0
-5.447169963894389,0.2632675269667053,0.0
-1.9373516707553842,-0.15939039843570768,0.0
1.358044328917405,2.2128065749069217,1.0
1.9428189176631427,-0.39570678913091584,0.0
3.8331342440443805,2.433492825438793,0.0
-4.562880402813633,0.19159786531674872,1.0
-2.5858564830906703,-2.717632812738316,1.0
2.022560341367825,2.1766246647553533,1.0
-4.045168146271271,1.874481945743403,0.0
4.240748802443299,2.486042655998901,0.0
-2.816578930967371,2.423718391139335,1.0
-2.152046943162813,0.31402808073301713,0.0
-5.393910350012614,-2.7367134697875386,1.0
2.6444785527864347,-0.33312013213325375,1.0
-2.9244914955693893,-1.8575190238505388,1.0
2.0394418903106164,-2.997590735847961,0.0
3.6706940303622506,-2.524502363220427,0.0
-3.7021246211025667,-0.6825816282054626,1.0
-0.1816951234067563,-0.8700293051163488,1.0
-2.1514540201884733,2.7834960724391307,1.0
1.6989561749207311,-2.8594022677956707,0.0
-0.8378890986682421,2.2500521984638215,0.0
-2.3825257630719845,-2.4326619313536706,1.0
3.100617259079014,0.6360829916164876,0.0
0.8437500939180467,-2.6785406423555527,0.0
-4.3140118824537925,0.7352963772786829,1.0
-3.5061139024939703,0.02442047849054596,1.0
0.5385802323527216,-1.2989568583743636,1.0
5.381101866497914,2.054784641013451,1.0
2.6684820915935816,-2.5320368015435455,1.0
-4.726439768291767,-0.0433119248102658,0.0
-4.071439809708172,2.869592781176845,0.0
-4.097757191671087,-0.0751929872161563,1.0
-1.630547317901935,0.836318528724588,0.0
-4.451563093326901,-0.4181014317456544,1.0
-2.7035396063142763,2.3265091480301283,1.0
-5.512971454383659,2.482364964038755,1.0
3.995929662636005,-1.2145757013551073,0.0
3.471487856125256,-2.8127186379675146,0.0
5.602386603520724,0.15956965553873603,0.0
-2.3606276872146568,-0.8245007244319376,0.0
-5.203135758474032,2.9360970842522356,1.0
-5.52849665819169,0.929442738887154,0.0
-0.6871688675224998,2.6934973091322902,0.0
-3.048003116318458,0.19252094362806815,0.0
-0.21172549700696486,1.217198664300608,0.0
-5.183877216570954,-1.837265219859871,1.0
-3.425222158885802,1.428904529050138,1.0
-3.730335644079119,0.44095058334586,1.0
-3.4170741539885556,2.1697497005038704,0.0
5.306225453875662,0.11095784965344269,1.0
-1.7722933894898603,-1.5956533498950052,0.0
-5.402627981723475,-1.3889995428150277,0.0
1.8508293593438143,0.20170158785526482,0.0
5.328495339371129,-0.6223364250497965,1.0
2.326360107940735,-0.06406351514927167,1.0
0.15091459109054028,-1.393354112375295,1.0
-0.5405906778960041,-0.1752900179237562,0.0
2.4797102609872077,2.643839995116683,1.0
-2.0481446702099486,-2.7467971885122093,0.0
-0.044458493992323156,0.2667679928950113,0.0
-3.978713386417017,1.5627876376564007,0.0
5.8191493012979,2.674648302050766,0.0
-3.6347275341161738,2.252179439404564,0.0
2.4539236369402175,-0.27692061715853056,1.0
0.4873319318967484,2.097601049894749,0.0
-0.23838072433952195,-0.7607557853692386,1.0
-0.08103008368817033,0.4747788242102944,0.0
-3.731068154659814,2.4054463816019442,0.0
2.0902433859553664,0.7996135040249337,1.0
-4.806045285832342,0.6250436290355506,1.0
-4.5484720531380916,-2.527813948827606,0.0
0.3277307477087197,-0.5832867957210301,1.0
1.0657232418746787,-2.4646669916565687,0.0
-0.8282032458328992,-1.9512797097290522,1.0
5.845201031089399,0.36690127461104627,0.0
2.2492423312904073,-1.0474903159043532,1.0
-4.863133022647871,2.85522517670122,0.0
-2.5648915754018016,-0.4571508889585547,0.0
1.7983670604309,-2.8518162138833323,0.0
3.7231095662074427,0.21946914017172148,0.0
-2.6613937551741342,-2.6303520882451847,1.0
-4.050019014306702,2.370203153120621,0.0
2.2322906872306927,-1.500589670178661,0.0
-5.212790820659645,1.143691874319818,0.0
0.8688927116131815,-0.5728828532505901,0.0
-1.6366626097192345,-1.6991143444253503,0.0
2.0353350784502116,2.824008166763223,1.0
-3.89141704995809,0.5826997200930202,1.0
-0.909779331048286,-0.3198676695320106,0.0
-2.950232638466227,1.9508092539685142,1.0
-0.17693275023310662,0.26043511318958457,0.0
-2.342869046432091,-1.9091492059983015,0.0
-4.969075341566154,1.2847148455494954,1.0
-3.6451886197457326,1.1404521251327866,1.0
-1.3154826474365535,-0.505351194062091,0.0
-0.3698700468867395,-0.7937489512347407,1.0
-4.7925602733289185,-1.1422091399829253,1.0
1.9648123283272607,0.9947064088132258,1.0
-2.5653083131200676,-0.2393842406538722,0.0
-3.6786332638567503,-1.7377675108209854,0.0
-5.723434939120711,2.380479299446468,0.0
-3.4715200191011255,-1.63479673838122,1.0
-2.644782808258418,-2.235551569827426,1.0
1.6711545981763543,-2.549142280934481,0.0
-4.389570884083797,0.8685403595405572,1.0
-1.924072554222687,1.247686960207134,0.0
0.6890969360417039,-1.4638729616309216,1.0
1.8099354058719364,-2.3023579182427163,0.0
0.436924596960365,-0.37711136972979187,1.0
-2.7855170061907106,0.6240299864370007,0.0
4.45600310808339,2.99342819857846,0.0
1.2931532249210935,-0.5717647540249793,0.0
-3.2975147974055807,-1.4574234636293295,1.0
-0.2465402622028119,-0.7963337923157443,1.0
4.965774271499331,-0.7902271940657428,1.0
-1.5186649062547737,-0.6987929253961385,0.0
4.039442524411896,0.9047299250814111,0.0
1.3700262038267121,-0.9951418656968269,0.0
3.8148501219892736,-2.769816831865793,0.0
4.449566068057358,0.07649939876357781,0.0
-1.2209971816390457,-0.016996315693885933,0.0
2.0089863664059724,-2.923407440892616,0.0
4.458622277498973,-0.31956284813164304,0.0
-1.8844017635990618,-2.1705266061956574,0.0
-0.7264155076986949,-0.02206337229372668,0.0
-1.1562396660782666,1.0719605629613822,0.0
-0.9492416548892884,2.7685054670794402,0.0
1.1913302138831021,1.844867613911454,1.0
-4.687729162686254,-0.616252242324566,1.0
-1.9578275826341676,0.4168943288195508,0.0
4.333362240737108,-2.52997069342796,0.0
-5.12910242346347,2.1019062489455935,1.0
-3.445798967539711,1.012519526698882,1.0
0.5145375883296621,1.9973615693233766,0.0
-4.498933081963157,-2.2213022056643323,0.0
0.6818203233396911,2.678271920150225,0.0
-1.020026899550949,-1.0383473984718303,0.0
1.2802718783746299,2.5826916032701863,0.0
4.043133994135484,2.97290166439932,0.0
-5.729177001571475,-2.322851131723427,0.0
1.3136131603994645,1.9234586360030983,1.0
-2.5770678923188015,-1.5647334717946875,0.0
3.443709592574411,-2.6617088768806108,0.0
-1.5674082290089792,0.034855335553978684,0.0
0.7241840922038811,1.371690940756661,1.0
-1.7418513188321008,0.676106068047643,0.0
1.0245050734914756,0.2856966039224824,1.0
1.6857995177065463,-1.4433049735915422,1.0
-4.984214956984452,-2.284369967761539,1.0
-3.305011408153187,0.0011876131367114517,0.0
4.085313006552241,1.207760052530305,0.0
3.468487250424566,-0.8941462564434515,0.0
-1.1441551002173984,-0.6379086840563231,0.0
-3.697521787145982,-2.632700051138568,0.0
1.0909931139267215,2.9353001005235164,0.0
-3.998043540596846,-2.7198910806043575,0.0
3.354380181887196,-1.4844839598916548,0.0
3.955725664235141,1.2236200022070927,0.0
5.3480824446096555,-0.546436585459968,1.0
1.9436380734076097,-0.21087131512037605,0.0
1.567064367702522,-0.3024065639535758,0.0
-3.736413042911102,0.04738449602028538,1.0
0.3430104172493085,1.8636230895609662,0.0
2.826248469522975,0.9827497436486645,1.0
-4.639354853369129,1.3236977439822901,1.0
0.0036618762541777983,2.3645972166369553,0.0
5.038451209566514,-2.6690604563892872,1.0
3.847698724253746,-2.7738156574639765,0.0
-1.5939644916597278,0.25379985372647473,0.0
-4.222790416474471,1.477882875414461,0.0
-5.899743549934337,-1.988405709395779,0.0
0.9695619582417088,1.2863253722237538,1.0
4.999717232326994,1.2329799116077433,1.0
2.0613512430583913,-0.6339531218960142,0.0
-5.984586893678383,-2.2790444475862683,0.0
0.4146545370724697,1.0507793150665181,0.0
-0.9906205932424506,1.3840740691703415,0.0
0.2623475439861451,-2.554942826434127,0.0
-3.695804988384614,2.0399893394636575,0.0
2.6989529594932744,2.3685719220749704,0.0
-4.589313010548761,2.941335207690443,0.0
-3.487119432600797,-2.929320742280148,0.0
5.96907526864265,-1.3135566873293212,0.0
2.0162334301507183,-1.9399061149421688,0.0
0.9627423863897011,2.424209918727356,0.0
-2.1578259908587367,1.021523856266155,0.0
-3.745156934419002,0.7487723923123513,1.0
-1.9625957781898782,-1.73275044847229,0.0
-2.2418153915563783,-1.926953588953204,0.0
4.822993294054594,-0.616878682097227,1.0
-3.056648340307592,-0.30955295390440263,0.0
-2.1535659983220534,1.4665155228799556,0.0
5.654638942625933,-0.37179805981411906,0.0
4.332400799666885,0.39517844135771707,0.0
-4.113172018869198,1.1437364524880493,1.0
0.16121396550984102,0.9036391395126206,0.0
4.6762489508599785,-0.35739257606372377,1.0
4.814131478608267,1.5040140856899296,1.0
-0.13674088946418284,0.6193328139477821,0.0
-2.0930264097718627,2.901583798432645,1.0
2.0082139566047523,-2.736918885020221,0.0
-2.080537131023895,0.7398866025543449,0.0
-5.324000666409122,-2.8566948520851434,1.0
-0.5997091256663687,-1.00385892184398,0.0
-0.7404167036020093,-1.423840140719969,0.0
-4.023387036684229,1.1348601418820259,0.0
0.17485339521360643,-1.799074732503799,0.0
-2.1649268848800203,0.5508474459799553,0.0
-5.133247820730266,-2.1152819444029225,1.0
-5.121052750711319,1.8739039962847137,1.0
3.0289107985441106,1.5198775912755424,0.0
2.595904121712337,1.0163125420192154,1.0
-0.27609701546190024,0.8536689810426896,0.0
-5.539661342544305,0.7287865359407073,0.0
3.3345324664425267,0.00215016230634113,0.0
-1.7098400588731568,-1.3354395911941253,0.0
1.7136246019449892,1.1568071917794525,0.0
4.451611198350511,-0.9459955052340554,0.0
3.2372676886270266,0.3681349451360276,0.0
4.594037888136949,0.1668726497737243,1.0
0.21155794077560675,0.4672624886454546,0.0
2.9917842617092134,2.7881428729707656,0.0
-5.117239749410812,-2.6793923856538973,1.0
5.2506040488880625,0.1792537531092364,1.0
1.378836174803233,-0.10545839043162708,0.0
-4.876110568710306,1.6085362705119994,1.0
2.9666957410630417,-1.129780071043128,1.0
-2.325129057259195,2.0270482854331107,0.0
-5.131712907104081,2.286630890139395,1.0
-2.920059721249027,0.5579084865329635,0.0
5.231930148021332,1.0687350092198784,1.0
-1.0268422503955605,1.1372052534324908,0.0
-1.8722443642035582,-1.3364495019048832,0.0
5.960199335216156,1.5047413870787265,0.0
1.736639728581812,-0.8682621406840871,0.0
-5.4100700501394225,-2.813658743789066,1.0
0.6501750653855858,1.5721963262343062,0.0
0.4485502853262613,2.0447104316346874,0.0
-5.59888160288134,-0.7994875414443596,0.0
-3.1551553059098634,-0.3163621910572676,0.0
-5.13148328167053,2.7247898494264353,1.0
-3.320935187167669,2.5338466529015085,0.0
-0.8892821395598185,2.913144799531308,0.0
0.6487006015225294,2.5849971850548448,0.0
-5.935812135669326,1.4894328370854009,0.0
4.836607837230185,-2.1616765981262756,1.0
-4.846489779214182,-0.45256435688426677,0.0
5.204146873595221,0.2543193611426324,1.0
0.32947756466078637,-2.1532432902040686,0.0
-5.990525866881375,1.860840544472767,0.0
-4.949105244165141,0.8030989124119436,0.0
4.975397454182298,-1.748088521049414,1.0
1.98327403484293,-2.5278085397549432,0.0
1.2450617260513557,-2.0164096742807835,0.0
2.8314427261821358,-1.1926122312365508,1.0
-0.4393078943442452,0.5965832521657299,0.0
-3.944719072005125,1.4498269117057259,0.0
-2.3683159123582254,0.974231159476521,0.0
-4.100603391607516,1.128705955238102,1.0
-4.46174312627446,-0.4478610223800983,1.0
-3.033527115133478,1.4902514965690958,1.0
-2.8555799459175053,2.2903038383723775,1.0
4.701842536879354,-1.821352108663285,1.0
1.3661513400926912,-2.473694149680214,0.0
-1.3015548047804497,1.2799303770076333,0.0
1.9130789621989948,0.7482040164396477,1.0
-2.609509636050677,-0.7318503033935881,0.0
-4.764646263596566,1.3141369226016062,1.0
0.046665561495282226,1.2525937940739276,0.0
-3.012677702437527,-1.0533706281896027,1.0
-1.9894159528786242,-2.845545541516703,0.0
-1.907425526032517,1.8198274411082007,0.0
4.767581948996863,0.10930989381556477,1.0
-0.5339796573693576,-2.8150522878037787,1.0
4.5504520510245925,-2.9219387194447637,1.0
5.337000962522541,-0.06470250787145604,1.0
-1.8967860771032807,2.54531060905596,0.0
-5.707308082678839,0.48854936921452286,0.0
0.5871902939920517,-1.6840775927317075,0.0
-0.8533508237974736,0.9135840356626215,0.0
2.7255743625831297,-2.9956988477605213,1.0
5.242241161092183,-2.0128477656431256,1.0
-3.1970347893316897,-1.4191593258369106,1.0
-5.546158361375577,-2.2616872584580507,1.0
5.836199075329944,-1.1086995757362836,0.0
-4.6163869159314075,-2.35805243295226,0.0
2.633519612039663,2.127411984195845,1.0
-2.9165724058983615,-2.87454292598859,1.0
-3.3229197786557303,-2.6609058552194558,0.0
-4.759260760439502,-0.410951280914146,0.0
-3.240979549660409,0.09567527115254038,0.0
-2.9580749609137156,2.6432238066176854,1.0
4.871327615115174,0.40083663006279613,1.0
-1.746912096151366,-0.7131187077915868,0.0
-1.057772602266036,1.3654759328096642,0.0
-0.5803320537739456,2.1403796790353846,0.0
5.329137431164375,-0.9843230797263969,1.0
0.7283337765081619,-2.4296607790046134,0.0
-3.594371426803692,-0.5192053997390396,1.0
-3.5255674091786537,2.259362944732305,0.0
-4.100564927290823,-0.26603507068144827,1.0
1.2683908855185084,1.1511834489650665,1.0
-1.4031675632819187,2.2145944123483714,0.0
0.8198298129351063,-0.36295331731468927,0.0
-5.193112391375561,-0.21186318932900994,0.0
3.8488300897887626,0.6872461093278925,0.0
3.9859494447494193,-0.035929976404166286,0.0
-4.578459538866218,-2.9181609249847136,0.0
-2.3613654393769057,1.1879428289867544,0.0
3.483118847300325,-1.2254829922780235,0.0
-0.052152949401034654,-0.4732865733955105,1.0
-1.0737265877828657,-1.611907720799097,0.0
-4.3635467396465,-1.8198686506127213,0.0
-5.336011354039847,-1.8112155490585378,1.0
-5.8895892284954465,0.7635504038158696,0.0
-2.2034951113478054,2.838868268561452,1.0
-3.6753953906844257,-0.9250285781424363,1.0
-1.705906096301602,-2.9492910236252365,0.0
4.070495436473507,-2.8080332391340517,0.0
5.282158016750897,2.3524461065617235,1.0
0.42626299303156223,0.2615734494677522,1.0
1.8453350754738764,-0.6776999283906782,0.0
1.7666674007742653,-2.7313896678690788,0.0
-5.351428471803281,-0.25661748228273407,0.0
0.5954676132724188,2.326905842014914,0.0
-4.744072393105245,1.9358875631633357,1.0
-3.479431952495165,-0.6354981089398088,1.0
-2.200770782071045,-0.5990683628076061,0.0
-4.194054023128974,0.021420446421329675,1.0
3.619711077976408,-0.3507959377266183,0.0
-0.11263708922161086,2.0926055116878857,0.0
2.47269737565637,-0.05727354888129188,1.0
-2.907652221729844,2.3095604810698003,1.0
0.9242448202867006,-1.6731143393358396,0.0
-2.7705629683438757,1.8187985336174757,1.0
-5.470253254950535,2.9525531221729207,1.0
-4.435779843422498,1.7764111523816242,1.0
-1.262696198739805,-0.04670290027519908,0.0
4.567806929574935,-0.5225328624647205,1.0
0.44992504407881384,-2.7042020255449803,0.0
-5.971830313590562,-1.5312007619896446,0.0
2.1669971150252074,-2.2724106398451798,0.0
-4.6348564943454065,-0.5342363517845801,1.0
1.7740444632987185,1.2724319534875832,0.0
-3.8585919108195026,-2.522471115767745,0.0
5.284764407346531,-1.4360017046273896,1.0
4.240157971304686,2.1809487027769094,0.0
3.2702711011505343,-1.9869983600845795,1.0
3.8616175110504045,1.61550335544952,0.0
1.1606758812746047,-0.9767877889862833,0.0
-2.849896748801471,-2.268664727517846,1.0
0.11708480281045652,0.5115652530590791,0.0
-1.6879321138105539,-0.1478455939147887,0.0
-1.6378265115688002,0.8460363439242076,0.0
4.815110493558759,-2.0164784277183307,1.0
-1.423094281162519,-2.154788376294832,0.0
1.499325244893984,1.3732230569315744,1.0
5.18295279116947,-1.3267684424342105,1.0
5.402534470385163,-2.620423969075951,1.0
1.2361663603750586,-2.65720368394002,0.0
4.7252902531433385,0.17885434242032439,1.0
2.0321802091535535,1.9894435554627155,1.0
-4.196272530192375,-2.768450628371197,0.0
4.5465737509542254,-1.110400635246405,1.0
-4.452253104874017,-0.18923257747748057,1.0
1.1796729083522255,-2.8141763794649393,0.0
-2.7012521009149473,-2.803200754338624,1.0
-0.955975329654013,2.370600174397466,0.0
5.79182893792283,0.8222853210217651,0.0
-4.060347674584898,2.4350963399958347,0.0
0.19497387840072555,-2.0775041273824915,0.0
5.060720033419937,1.544814304338618,1.0
2.780463272677819,1.2550842227664276,1.0
-3.595922146842692,-1.7339598497548436,1.0
2.259515981127059,-1.6816634993376187,0.0
-0.7359396383634138,1.6920109535636483,0.0
3.407430217174092,-0.28042936484484215,0.0
3.506279259302941,2.031730777188341,0.0
1.857309015411123,-1.629444886149479,0.0
-2.7118586353734297,-1.1109530675475878,0.0
-4.598350707192576,-1.3610422777803293,1.0
-3.4857693082496146,-0.2680275011483868,1.0
4.901250574467179,-2.3731180994762515,1.0
2.6432150873687466,1.1236980264787668,1.0
-4.850949616039708,2.5354344294348,1.0
0.8216664258818351,-0.8176468731858946,0.0
3.07846300194368,-1.4558072495901957,1.0
2.322118044555845,-2.7617327545665167,0.0
4.072896451311264,-0.3109749178720893,0.0
1.6403149722953003,-1.672573081159898,0.0
2.124884551901376,1.6334416553596594,1.0
-0.32144175738721525,0.7063615443707656,0.0
-0.5240889141312177,2.3645482155470727,0.0
-0.02556983382817002,2.050852254172913,0.0
3.6162246992429825,-0.5369710719098606,0.0
-3.2389860977102995,-0.563507204641374,1.0
3.914608509302642,-1.6342047850836459,0.0
0.29323615029299255,1.8365804877644845,0.0
-1.758270298459454,0.8532578220161842,0.0
-3.0524211114142257,-2.3443233277910407,1.0
3.532610701114276,-2.406188259547759,0.0
-2.743423259044985,2.1306565319846404,1.0
-1.8423685550559936,2.8382720970849666,0.0
5.756812017286316,-1.3903438772786598,0.0
-5.508261333001315,1.2303797052322745,0.0
-0.5881619682198753,-2.3954829362425425,1.0
2.490273827736514,-2.812950545328473,1.0
4.442360285906906,-2.168084825320178,0.0
-4.4722574550392995,-1.9459662121884929,0.0
5.5231963019047985,1.159016161523076,0.0
3.616458425563641,-0.6141900856034819,0.0
-1.9642472699405333,-1.5930959593009804,0.0
-0.2322236602510923,0.310972401205011,0.0
1.581298123833065,-1.457288976007833,1.0
5.3838489708358885,-1.981449010757185,1.0
5.587838097196947,-2.910863264954977,0.0
-0.22649169819785264,-0.9997929713006233,1.0
-0.61051903283699,0.42398747388473446,0.0
-0.7729301038474912,-0.5109188981904302,0.0
2.792680984959679,1.115257650518788,1.0
3.9992553844301746,-1.5002461125630266,0.0
1.3143421170487635,0.5111687123571231,0.0
-1.563146269527735,-0.08365474858391453,0.0
-2.234614280331255,-2.148933614298089,0.0
-3.434385472047206,-2.3669181215927937,0.0
2.1968349022814895,0.9643643586549091,1.0
5.407276458958474,1.378070481883448,1.0
-5.375449934926422,2.305471043573725,1.0
4.35210195534871,-0.34007807536380774,0.0
1.030356606335058,2.8564699948351127,0.0
0.3876523661779956,2.4319309702565386,0.0
-5.003534906277762,-1.853688787747903,1.0
-0.7109406787041861,0.5085408500238282,0.0
3.7947342223536022,2.9295726908591213,0.0
-1.3337820423106024,-2.7155061831594907,1.0
3.614058039543899,0.6262843144968486,0.0
-3.61748569358158,-0.03102926027147923,1.0
2.907722946404693,1.6224707224118626,0.0
-0.00457905601485642,-1.1687128192268452,1.0
5.684910984461922,0.9801756657389573,0.0
-1.101149767844415,-1.3172206547720855,0.0
2.773235796042746,-1.5468993264373938,1.0
-3.939480132315742,0.17900333377242195,1.0
-2.5201512882702977,0.7734308695416905,0.0
-4.584735901509198,0.9296466274039297,1.0
-2.6004416640275734,-2.9985423933929236,1.0
-4.476767307909883,2.6016922670105647,0.0
4.408255669384294,-1.598345807782579,0.0
3.340462854545894,0.6514295590438453,0.0
5.6508565373984325,-0.7583660427956453,0.0
2.1775273502060557,-2.6187856654564885,0.0
-1.2450318382031291,2.782905967129083,0.0
0.4677704934014466,-1.2727229799909325,1.0
-4.556748442456717,1.2211700410891826,1.0
1.7382725211567216,-0.7563677183773523,0.0
5.4112962223900105,-2.8667831220728983,1.0
-2.3553137804180904,2.526416917797489,1.0
-2.1487747401667154,-1.4864829968689777,0.0
0.4106449191749677,1.9428104995232278,0.0
-4.762238869459667,2.658124257874417,0.0
3.5408745741739693,-1.9124984666906883,0.0
2.544095534377952,-0.6902476641746569,1.0
-1.1724638630841753,1.6997405546331983,0.0
5.553417695768786,-2.2400647629168366,0.0
-0.9524371574541668,-0.1143503514941786,0.0
-1.4842581965400292,-0.8208652577026498,0.0
-5.372775989260841,1.1132317233757396,0.0
-0.765426994559455,-1.8312371841364394,1.0
3.7924020276248207,1.8153644889097675,0.0
-0.16330046293327438,-1.2092960331134368,1.0
1.6571127095574285,-1.2710871853355816,1.0
-3.1679048361154556,1.3830879241579597,1.0
-5.516097123348592,-2.4313891737924362,1.0
-5.918541911716923,-2.0823408811474433,0.0
-5.172119895474486,2.974814206679511,1.0
-2.534280360550925,-2.104391923984516,1.0
-3.1080449040489846,2.6167534292408074,1.0
0.24192267629274866,-0.8110914221528587,1.0
4.480697494910633,-0.6300583767058052,0.0
-1.979897160507651,-1.7563048647015866,0.0
-1.4664381130870616,-1.099893863898444,0.0
2.127647511577692,-1.2625037719756373,1.0
0.9263969570707378,-2.604647009808164,0.0
-3.7045301196418277,-0.5555683703319074,1.0
5.243391046904346,-0.7364880857058278,1.0
1.9688894543980098,-1.4694766654716112,1.0
-4.475597088321219,-2.6487803995196995,0.0
-2.335038017486984,-2.054033839218552,0.0
-3.9118746238065096,1.5645558503217005,0.0
-5.809943148661509,0.34686075441260655,0.0
-1.4464634328784225,0.03929999945128326,0.0
0.7539628465752344,-1.1197938332563309,1.0
-2.4586936777885766,1.4004110960094343,0.0
4.455323857453886,-1.8445102052488327,0.0
-4.828574873578212,2.3867748383521556,1.0
-1.8012544362312166,0.30790434397688493,0.0
-1.6854822657599584,-2.245185981923692,0.0
1.0719797393727362,0.15084511061777794,1.0
-3.5640772897056334,-0.28878573208633274,1.0
3.5633700481877497,0.5425566186473478,0.0
-4.836992075196061,0.2881289833748104,0.0
2.432859591475042,1.7562204346845078,1.0
1.5494109436112016,-2.084051012755298,0.0
2.5220791990819276,1.0640510764890987,1.0
-5.706877404712401,-0.529513994458541,0.0
-2.0045970364515204,1.01647238552186,0.0
-3.4063702522689514,0.545231537845551,1.0
4.958471541770068,1.7868142332516461,1.0
5.057492834598364,2.8710358015961397,1.0
-5.871958475926046,0.7364476582648654,0.0
-1.0459272268931228,2.1591269420107304,0.0
-2.9782235758904196,2.8861769346904573,1.0
1.3644956345249675,1.761224413372986,1.0
-4.97280536612678,-1.8992526914468097,1.0
3.1008440764104392,-2.8680808677640584,1.0
3.802535830725393,-2.916305887848531,0.0
1.8854260687352795,-0.8094364786091646,0.0
1.337938232630389,1.1761884419346824,1.0
-1.8902973697643493,-2.352225311334987,0.0
-5.164249587020812,0.5336161353752873,0.0
0.24786424480933889,1.4532060547267953,0.0
0.11682612004724557,-0.4653252598147253,1.0
-1.2229538611652302,-2.841318584413995,1.0
-1.9733135796401147,2.856120945146966,0.0
4.4826669147250655,-1.023731597794694,0.0
1.0535448607964657,2.083780473212964,1.0
-0.704707958999176,-2.8922528174990942,1.0
-5.105874458176319,0.0623563280922399,0.0
5.63327250811054,1.159257253313207,0.0
-5.149005702737165,-1.8638347452488233,1.0
3.2558777186022,2.0486385597374683,0.0
1.4123350342630907,0.8665390177788996,1.0
-5.659950595399384,1.971181557489051,0.0
3.459302498049956,-1.445789135379917,0.0
2.504120639586084,-1.7108723614500114,1.0
-5.516038067381844,-1.7931807444577363,0.0
-3.856453478948406,-0.9735120195909168,1.0
-0.9786060338945024,0.05123334898624776,0.0
-0.27895349390006174,-1.3759523642082638,1.0
-5.649951977111106,0.6306097334229044,0.0
-1.251062041831748,-1.2079670556747018,0.0
4.403292513966148,1.4804598467889587,0.0
4.293186580469307,-0.030103231725234103,0.0
-4.428824974478671,1.1773286167276344,1.0
-3.527114640753897,-0.35262198544969925,1.0
-5.219990532613338,1.951850414537894,1.0
-4.488712307429993,2.4185850422958577,0.0
4.3707672271386855,-0.21250341336452383,0.0
2.9324184516478873,0.7166704429089199,0.0
3.636907708052938,-0.40916939528452767,0.0
3.429701810932201,-0.22525909760911222,0.0
5.2915894541135255,-0.08176739504911446,1.0
-0.4485687367952451,1.710431169381076,0.0
3.8589323011300554,0.32693468592702457,0.0
-3.8424262380590952,-0.19345061425452315,1.0
5.61687003491614,1.517917158235111,0.0
3.733951246549587,-2.803047007084559,0.0
-0.38568644839008126,0.8797268019453321,0.0
3.9603922035368964,-2.704358078503371,0.0
4.2292666277024775,0.29040562045147045,0.0
-3.632232353087281,-1.0964687013018,1.0
-2.616845378981271,0.18515420573085484,0.0
-5.379771841066418,-2.048783049000459,1.0
3.752316520509389,-2.2043760555191336,0.0
-3.1992447665024764,-0.2797763663750561,0.0
0.20545065735996548,1.581662877684952,0.0
-0.6320108800057467,1.739187726213233,0.0
1.42015568454549,-2.3214015634570653,0.0
-4.124022739285937,-0.37779764730137533,1.0
-1.237327282931525,1.4612656178237673,0.0
0.9688456775682219,-0.671201513986504,0.0
-3.9508765985953724,-1.6389773860470291,0.0
0.9060122216287079,-0.45936717060124543,0.0
0.17913010632806525,-1.975935388186598,0.0
1.95487502813479,2.1152324451358027,1.0
-2.904725918557193,-0.05091464500904053,0.0
5.706327948250822,-1.0005495566956342,0.0
1.1405561390851346,-2.458825798798534,0.0
1.2721800297533186,-2.4622093601722925,0.0
5.510825223885865,1.2939759124338686,0.0
3.4579174576284775,1.2246261646298215,0.0
1.0767484329175891,-0.30052331348696804,0.0
4.300480557132749,2.7410140052583785,0.0
-0.011565925151024281,2.589210294931572,0.0
0.9999949198622105,0.23030512137859915,1.0
-0.5462072045357198,-1.7442734308192809,1.0
-5.95536407018329,-1.5509626388636324,0.0
0.11667805924278163,-0.7202402864414847,1.0
-0.6181772639683949,2.8838893173842974,0.0
-1.7967315519680689,-0.28690236383935286,0.0
-4.397813383766165,-2.7122536053780744,0.0
3.3049141751099356,0.424099050431872,0.0
3.1284576725267392,-2.1008232066806904,1.0
0.8619452541922907,-1.4781451539517467,1.0
-3.263258197199761,-2.9308439156820887,0.0
-4.435911317171137,-1.1443913310018279,1.0
-4.597454872908731,2.9151506424656253,0.0
-2.296408217712592,-2.2180563197860312,0.0
-3.611012246064507,0.5262193700488589,1.0
-5.231477713622538,2.1746047808469413,1.0
5.537996150845768,-1.5195154759957148,0.0
-0.5988567769096882,-2.867193293823018,1.0
1.6885226967266576,-0.516443651684467,0.0
-2.7592984067813315,-1.7589773363003491,1.0
1.8482769319051258,-0.5026978138061136,0.0
-3.844088531641056,1.134654488920944,1.0
0.7808673964403239,2.1520323295769774,0.0
-4.590289213482086,1.713999611666737,1.0
2.0822014418071078,-2.309934379031413,0.0
2.337848758460648,-0.3507162667210175,1.0
5.339817426670116,-2.150331896292604,1.0
1.7140006897888558,-0.7081197272223241,0.0
5.481776047090534,-1.0201506282583412,1.0
5.546230913901603,2.4089151066044945,0.0
-2.755401176272124,1.8212506609585661,1.0
5.947250421642071,-1.484021986972306,0.0
-0.7586739681201635,0.12108441940055803,0.0
-2.460826370353628,-2.9084109621238214,1.0
-3.35844906962968,-1.3083786939494493,1.0
-0.6768035841817541,-1.9733851295195888,1.0
4.4790522803000705,1.2294667963880164,0.0
-4.977594269284056,0.9005547068395883,0.0
1.8438777168674445,2.737327041861766,1.0
-5.963749543726065,-1.5124053011651568,0.0
5.133497752503786,2.5928034923896988,1.0
2.647037032447649,1.59457992628524,1.0
-4.902204504844235,0.0832550086694015,0.0
-3.2210041045320073,-1.9126917383182964,1.0
3.7236395894799905,-2.1897711799167157,0.0
-0.37618035604337763,2.6314694375161984,0.0
-3.7700153332158894,2.867960542429408,0.0
5.931455829132709,0.3337029280944175,0.0
-3.958287117874105,-1.1033706723546262,0.0
-0.9060860078815782,-1.1440546538506624,0.0
-2.6323730414818107,2.833378255298145,1.0
-4.159622071011052,1.3999674523011736,0.0
-5.9950765267299015,0.5770960164142611,0.0
4.991316047448628,-1.272395435440686,1.0
-3.7736882969073697,0.9100787692705619,1.0
2.5512168875807184,1.1281831137118878,1.0
-2.1681974397435115,-1.4867855870440148,0.0
5.4710255995445305,2.539797049619577,1.0
-0.5122006812861564,2.0771631969262403,0.0
-0.5721182683884471,-0.4536658915649374,0.0
-4.118844628808464,-0.44156366104816325,1.0
0.44900326319768347,-2.864974035427881,0.0
-0.6706439378951234,1.6881373103712018,0.0
2.160552676491239,0.8109419331836101,1.0
4.914665141246431,-2.89180794104862,1.0
0.6845710343068099,1.7240930904582425,0.0
0.4960245924152069,-1.056626684517725,1.0
-4.364993218896266,2.325378430897148,0.0
-0.35085129134876425,2.2686911819142086,0.0
1.0302254691980197,1.0451526996900045,1.0
3.6511338525414008,0.954933267600806,0.0
-1.2233419118527475,0.08180030357190571,0.0
3.6365462961105592,-0.7580982217620948,0.0
-1.3425425187780355,-2.4258593036519933,0.0
4.975013222660973,-2.4537821103273494,1.0
1.7785101293826706,-0.5208331271832138,0.0
-1.1325673169346917,1.0773110194361033,0.0
-5.194875208441456,0.5622346977086075,0.0
3.264381431668257,1.9692765473195655,0.0
-3.9536353272746965,2.384514300469042,0.0
1.8737531021693066,2.2911288049240968,1.0
-0.1766313946776208,0.25220007058321237,0.0
5.028459324344054,2.399457260128031,1.0
-0.6220695195719763,-1.3535242101859095,1.0
-1.2819547852288302,-0.6734140288215018,0.0
-2.5575975002064726,-1.3885223740022006,0.0
4.332755237756633,-2.58082847589203,0.0
2.1313341851951293,-1.9630796912612862,0.0
-1.8659292792712412,-2.630741795190979,0.0
-2.7603163577344554,1.6105264267034531,1.0
4.620183894567104,-1.6708370885857977,1.0
-0.43742592889293785,-0.17805571237676165,0.0
4.48290366911681,1.5767943172548327,0.0
0.15692662041659844,1.0244832028306403,0.0
4.168260646912401,-2.94276627584673,0.0
-1.1653196273994162,2.443459003662472,0.0
2.8837563701274167,0.2570482460044481,1.0
0.3557343244216007,-0.9133794143733733,1.0
0.24624640369817463,0.9322991967807193,0.0
-0.9796435388544831,1.2849188783530439,0.0
4.33478672712463,-2.0718909108908328,0.0
-0.5814357261909073,-0.5518794522895134,0.0
2.2495776485967376,-1.5007952084524239,0.0
1.6830109794273156,2.2649354503889283,1.0
-0.9824208024765273,2.46609419987532,0.0
5.917964867201741,-2.3634477003122876,0.0
-3.2033617441816964,2.702278508892559,0.0
5.49993223777664,-2.413756347679449,1.0
-5.82001799547436,-2.0333998604614667,0.0
5.95215340058698,-1.9200023003358788,0.0
0.030571280664277722,2.0905063585830668,0.0
-5.755180671741524,0.6269338935507571,0.0
-2.675694613564508,2.174009498638389,1.0
-2.59846620883105,1.1205343216914532,0.0
2.0906355893687625,-1.67103870684216,0.0
-5.582409601579799,-0.5445025572876165,0.0
-2.5296821764095636,1.8538664976822519,0.0
3.604370261464144,-0.25785628684424733,0.0
1.278146703878627,0.6255570959215513,1.0
3.9258977811314804,-0.4499855152608152,0.0
-2.694639842513891,-1.4097904911567152,0.0
0.43430735138644927,-0.3051107836067244,1.0
-0.7185507481807658,-2.4531759654617566,1.0
2.623244888282347,-1.7175798721085358,1.0
-3.6365564374953436,-0.5234500783356393,1.0
-3.266659900586383,0.503149603848092,1.0
-1.5424399279863419,-0.30652966444325935,0.0
0.44603185924834676,-1.778786865109171,0.0
-4.1309805256136425,2.2825314172416284,0.0
-0.7953155660229481,-0.527438342204765,0.0
-5.572654196725902,-0.01214218447564086,0.0
0.6500366593320006,0.3530452257279988,1.0
2.484374031874612,-1.9351089900539293,1.0
-2.973322389232574,1.864382791382476,1.0
5.366047402120728,-2.184403515796076,1.0
-0.028205345937381665,-1.714942483562479,1.0
-5.279121979740211,-1.0469799712431875,0.0
-4.275748497789447,1.2595984406054779,1.0
0.40470496405733325,-2.1369931740581345,0.0
-5.889100939133828,1.8489422941452762,0.0
-3.8856671260290296,0.6372998533245959,1.0
-1.9569370430790531,0.5129156298902133,0.0
-2.2121564762121118,-2.4783626358464748,0.0
-3.324599897306957,-1.8716486011255464,1.0
-0.8637677707242739,0.9497027005569443,0.0
-2.8343271006437094,-2.9275803881962923,1.0
0.22724837117708319,0.6345569361538326,0.0
5.554445928021716,0.5368248185594808,0.0
-0.34592928746229745,0.44040975538622273,0.0
5.134807558344324,1.9702688736098777,1.0
-2.124255199634304,-1.5764738180571765,0.0
-2.8483966516071164,0.02652623829127787,0.0
2.9285934147429344,0.019315243097772772,1.0
-5.1864432500626485,1.3414842026398857,0.0
3.6716415440514467,-1.2630128092816821,0.0
1.9695088714002047,-0.44044859367364,0.0
4.669432268729313,2.071353348964439,1.0
0.3051839797157072,1.1490332748815666,0.0
4.600196412265248,-0.025697939530346936,1.0
-2.2409911141341365,1.521996827457487,0.0
-3.3592049425836987,-0.6688131119637477,1.0
4.388726845281525,1.3465340416158904,0.0
-1.154267937030009,-1.7115329855498556,0.0
-1.7283793100131621,-1.295375104635402,0.0
-3.886928544673753,1.4599974813939403,0.0
-2.975161357797942,-0.2749951789934171,0.0
-1.3696866379666908,2.892464271813785,0.0
-1.3068930702213537,-2.5201051032194712,0.0
-4.922090969134992,0.5445223281183891,0.0
1.1923626208591873,-0.4874460571040702,0.0
-0.8178756922556438,-2.6764045029547727,1.0
0.19855812467114653,0.028436852282109903,1.0
-4.205408177316666,-2.3769636833344343,0.0
-4.5171301128061145,-2.3938305210524486,0.0
1.3164983464411177,-1.8211040855824883,0.0
-2.9828381737504386,-1.9585671350913616,1.0
5.494023653382037,2.1277047789110126,1.0
-3.2340619517817495,-1.034602236467244,1.0
-3.481285892340034,-0.04874424323505755,1.0
-5.764673610308957,1.0282080533807747,0.0
0.27789779781169965,2.3918335698066198,0.0
-4.027287788059031,1.8246554763667895,0.0
3.5035321736005898,-2.2369128646986782,0.0
-1.217289310270469,-1.9790841531328986,0.0
-2.943353994509413,-1.4205229510167339,1.0
0.6748367283092733,-0.531534409437207,1.0
5.372793648075664,-2.241779148317969,1.0
5.6843056182023854,-1.6161681587144163,0.0
3.274487236582237,-0.9661804429630716,0.0
-4.283023254992234,2.1473351114774397,0.0
-2.2936692091624415,0.9531324253610531,0.0
0.7973242210395188,-0.1694621436547541,1.0
-0.05016632821753042,1.3934274845537251,0.0
-4.946725030518714,1.0090839717474314,1.0
4.749745216782944,-2.653270817880815,1.0
-4.3121599291959996,1.2997916202121882,1.0
-0.7526202210645891,-0.5787082751178696,0.0
-4.35640038546917,0.04062024430672828,1.0
-4.481456265643473,-0.14027726213675784,1.0
3.1633835875398795,-1.450413852677019,1.0
-0.23056598184327193,2.9520958163810143,0.0
2.2398050802484466,2.0481406278311916,1.0
-1.021828721273451,1.6071655387551314,0.0
-5.513889924704138,-2.2625329047465303,1.0
-3.5631528849592544,-0.5882884523086824,1.0
4.1489385399091585,-0.9224036952724171,0.0
1.8554543221855546,1.2558857688209004,1.0
1.0341882490600973,-0.8565481909791828,0.0
0.9246401005625309,-0.9464064432615227,0.0
-4.993515137375855,2.9568238691160866,1.0
-4.47381055640987,-2.565909696983656,0.0
4.542368990485871,-1.1889920346426293,1.0
1.8035636888820914,-1.025965622026603,1.0
-1.3025487504663467,-1.427322167899221,0.0
-1.8834719304838776,-0.5357975964807413,0.0
2.6449928291081157,0.06921716540875078,1.0
5.322782605883724,-2.748717636967347,1.0
0.036819871584338415,0.505348732990309,0.0
5.0423638328912865,-2.7050488582714345,1.0
0.8819950192225923,2.1217795711677425,0.0
-3.096867262569161,2.2577540911436245,1.0
-5.771479088708498,1.3947277748023783,0.0
5.197358654023837,0.9431859698403731,1.0
-0.7316490722346245,-2.730713901163692,1.0
5.041365759871546,-0.1782226638505513,1.0
-5.652039067968624,1.1389264279725717,0.0
-0.21795295708490237,-2.2539280953455356,1.0
-3.428738288276885,-2.6130559172649224,0.0
0.8915224765028826,0.7321768755120557,1.0
0.06890758026533206,1.9026127980156895,0.0
4.332105855696163,0.6937463800987596,0.0
-5.846922243510834,1.1713779344864141,0.0
-0.9840093969557806,0.39334489935832195,0.0
1.7889672242266128,-0.8985803140375395,0.0
5.005182062061531,-2.1961507995013125,1.0
2.0581416873724496,-2.9738425202605177,0.0
5.095813264862169,-2.3249752005714512,1.0
-4.861389238229105,-1.0019542016865346,1.0
-1.5172045675310333,-1.7141995660627283,0.0
1.0214599311254968,-0.3425154117482183,0.0
-5.5898929315069505,-1.0820876264681962,0.0
3.725194962878046,1.1382092091712117,0.0
2.6984502429585646,1.188701544501141,1.0
-2.2683237434036005,-2.4020164675393447,0.0
-2.730393791602848,1.9907118011109555,1.0
5.765649573396853,-0.036917911550632176,0.0
-5.883595740923493,-2.159731127194626,0.0
-2.1350330962048107,0.47151209155769847,0.0
-5.098876250336232,2.66014379225929,1.0
-1.6189959205871913,2.4755053075489384,0.0
3.3662616330842603,1.5326236350934863,0.0
1.2806349573867841,0.7607029023110679,1.0
1.6560388225949776,0.7723283221534927,0.0
0.6447387767803345,2.9184841108973334,0.0
2.787486809108353,1.6616783303551266,0.0
4.469553781004091,-1.706161423644905,0.0
-4.994350090859271,-0.10263338040840786,0.0
0.16896834743127798,1.9750906796995062,0.0
-0.6745970486119717,0.4251181532658763,0.0
0.3248512621615003,-2.7707832974556537,0.0
1.3825787591629677,1.9682597146455132,1.0
-4.109993423090354,0.5659904035595744,1.0
1.1233265333569724,-2.014890215661848,0.0
-4.518437115231167,2.8803116578589085,0.0
-1.2753699641635494,-1.6354696276588243,0.0
-3.9441054665475006,1.0056102814994103,1.0
1.3133435679273457,0.8613127379245049,1.0
-4.943927669862573,2.3612075009906217,1.0
-1.328803238291421,-1.1197835614178524,0.0
-0.45166263302713006,-0.6596036055142305,0.0
4.36292403766975,2.5755658511873527,0.0
-2.3585614026047255,2.1836148447597292,0.0
3.3782775543968064,2.584846034068571,0.0
-3.050996253769346,0.46175490072587433,0.0
-2.7054649831146644,1.9445669429062455,1.0
-5.9361097131472285,0.38891497731837665,0.0
-1.9295588247369846,-1.0638977575330786,0.0
1.7388758863790041,2.108906695883963,1.0
1.3103446967199144,2.1190378718803347,1.0
-2.8248346574276404,0.11701112858988694,0.0
-0.5935615311950873,-2.9301306029814227,1.0
0.6817457176888819,0.9691459448770496,1.0
1.1029728530288407,1.4176793927005287,1.0
0.8560743414369254,-2.5994984708954583,0.0
-4.602653710983462,0.5788474652637143,1.0
-2.700249696316318,-2.5221292257914047,1.0
-0.8447670786174388,0.32593558850193194,0.0
-2.0550481398047213,1.322602213354668,0.0
1.7252472972149357,-1.0030898334499683,1.0
3.058470346902727,0.8921702551982129,0.0
1.6493445446148254,0.32056620472240827,0.0
-5.8633239829373665,1.1790431008613345,0.0
-1.4874985066901223,2.6556582609519337,0.0
3.8158172529264647,0.5261668171878733,0.0
-2.973816218168767,-1.7776956403340005,1.0
-1.9153819478694105,-0.14059233851988884,0.0
-2.447213879532635,0.0895769723548967,0.0
-4.0155548938417684,2.866276876953,0.0
-4.704905340420074,2.591664837926232,0.0
4.962936136832338,0.15216289091698787,1.0
2.698923262033013,-0.3837102121644733,1.0
1.5604149305092587,-0.9565443754732881,0.0
-2.386091762574656,0.469378717017082,0.0
-0.022443909792235317,0.4772182148998865,0.0
-2.560073024555724,-0.7982530090980284,0.0
-4.993224472453088,-2.6863417663667657,1.0
-2.958514443923805,-2.5545188440167257,1.0
-4.754703496383112,1.8775704323636226,1.0
-5.533515635799729,0.9536567636084565,0.0
-2.729307014215194,2.2292740842487584,1.0
-0.18009258507000503,-1.1665412440330456,1.0
0.21166722827321394,-0.7082518857283873,1.0
0.7716127760379621,-2.3128027900419106,0.0
5.963886033750613,-0.44666473381969496,0.0
-1.821232323511576,1.2612590898975888,0.0
-1.6332071220560103,1.999645830172546,0.0
-0.5487513076748964,1.3173504795926094,0.0
-4.710561402697362,2.076715113330671,1.0
2.8286158413373172,-1.729699329228206,1.0
-4.25656788305056,-1.1022459076462536,1.0
5.712847032382852,-1.4590105525976482,0.0
-0.5264734926404007,-2.819878645695982,1.0
-1.23326964520521,0.4279200925986162,0.0
5.437495350095581,0.10041626964038652,1.0
3.8292879141322533,0.2827658554134036,0.0
-5.510579838773783,-1.1099503488613558,0.0
0.9065940939732391,2.7035637955867458,0.0
4.3095643170148,-1.6298663149269141,0.0
-3.358682039770038,-1.7929621973165955,1.0
5.069986755630037,2.115996918610324,1.0
3.298601187035384,-0.6435893146546343,0.0
0.05256845158520207,-0.21400953122908284,1.0
-2.9592227092875283,0.03016827689260193,0.0
-5.634041425766947,-2.209137759015245,0.0
4.639075154027356,1.510078602188539,1.0
-0.9255790912909552,0.1029021737032636,0.0
-1.5600133684802708,1.4446792029640347,0.0
3.410246150784955,1.5797111412189544,0.0
2.6713406980133954,-1.772973967843225,1.0
-1.9443602491142542,-0.18092739009795045,0.0
-2.0304841028681326,1.5296412009499738,0.0
-2.047757709000544,-2.170607479287977,0.0
-1.2115145754203507,2.8794865966942815,0.0
-3.2894230447970894,0.6729519536593744,1.0
-0.8043234019235239,-2.57385259410404,1.0
-0.14548072802328615,1.212985971889875,0.0
0.1586397099338246,2.2326363824794866,0.0
-2.5327558001090082,-2.4825049721762102,1.0
5.238787339896074,-0.7308219028306859,1.0
0.9168666174436009,1.752018756781176,1.0
-2.108236033493033,1.2969872290656674,0.0
-4.374973802186064,-1.2522375167669684,1.0
-4.263472366361761,1.8673833504081472,0.0
-3.3282091772785756,1.3044213324312617,1.0
5.31958076694783,0.16663325441326204,1.0
0.4803503071282522,-0.23379859141312753,1.0
-2.089318279276287,-0.14606981445049705,0.0
1.2336903872011131,2.9159494330239557,0.0
5.253174711818691,2.1729177497587306,1.0
4.6695664284583,-0.19290490024774254,1.0
1.8893319261295778,2.3704003376172853,1.0
-1.2845908201037632,2.770574870072813,0.0
-1.0105672551698035,0.6064959923592941,0.0
2.517656559268463,2.7035520784556297,1.0
-3.0646047113728074,1.476785869431854,1.0
0.24978703372898625,-1.3886571562761536,1.0
3.319282077556686,0.31333368104307935,0.0
1.9316858477961096,-1.062593588532594,1.0
-0.2247125780687398,0.7041255059284026,0.0
-1.1410702287618726,-1.8097647609137921,0.0
5.539685907783648,0.06880524025570445,0.0
2.8070444434524067,-0.5337168386636515,1.0
-1.738418831691404,-0.5570142091972503,0.0
-1.0896402745722025,0.2650806956517213,0.0
0.5216384397763578,-0.01707710470277002,1.0
-4.382570580990743,-0.023547128996812994,1.0
-3.970753194952182,-2.243185282225409,0.0
5.191748608094013,0.6297000788862253,1.0
1.9138806974950118,-0.5892379779998174,0.0
4.90777070297837,0.8275829374779926,1.0
3.230038434283049,-0.788625185833717,0.0
5.520142569829506,1.9227677409498902,0.0
4.247381556174524,-1.9668343954454743,0.0
-2.7484415055453657,-1.2862404018985376,0.0
-2.749089321037546,2.1324489726257276,1.0
-5.617382457496895,-2.543400066115354,1.0
-2.7130215524411554,-1.8007621521033381,1.0
-3.2176846334058196,1.7876591355197995,1.0
0.7575191267045627,-2.965376032242192,0.0
-0.8481268115496565,-0.5526904388978462,0.0
-4.632656766665478,1.0568507316087423,1.0
2.425166260553894,1.3253593143125864,1.0
2.7416513467031045,-2.999683038406219,1.0
5.447049646160666,1.885252602327978,1.0
4.8477803590714235,-2.906140228155395,1.0
5.206305549428873,1.8587311721286284,1.0
4.046629715504384,-2.440275691668189,0.0
2.865336347023172,2.7595001378525463,0.0
2.1425680970179286,0.42336842774763905,1.0
5.347556132987965,-0.342377269593384,1.0
1.191522795725744,-0.14197023903380313,0.0
5.19415465632359,-2.543491639406956,1.0
0.013436409904178603,1.1217146483126301,0.0
3.5028784610668424,0.49811188466481804,0.0
4.907012929457448,2.65194868130323,1.0
-5.228169321676997,-0.5857767627517538,0.0
-5.718491739346147,-1.0235000557533425,0.0
0.4424186156472256,2.4647695830596934,0.0
4.158651869584833,-2.2350016399680857,0.0
-4.883635503109252,0.535604032540002,0.0
0.38541566950539163,-1.401734151419857,1.0
4.793437014646022,2.5641984567693203,1.0
-1.168662739918048,2.3418153426811212,0.0
-1.392613268844329,1.4209009909782004,0.0
-0.28869338942731027,-2.264501060956902,1.0
5.135210414844259,-0.2754204397347806,1.0
2.8138444838688432,-0.7969571134122471,1.0
-5.773429457085184,-2.3968178478489843,0.0
-0.04536624612090723,1.1397861427581741,0.0
-1.9831760810486507,1.1729307550659023,0.0
2.3836270731834723,1.2236154439669846,1.0
-0.08973775175389953,2.4893169007290243,0.0
-0.12964178423261252,-0.2984088390201709,1.0
-3.607430171872476,-1.154069475861981,1.0
-5.49198608978036,0.8012117616970214,0.0
-3.0175710728748855,-1.1750684730872094,1.0
3.249774259971854,-1.0366729010312767,0.0
-3.093649295842294,-1.9856535051977655,1.0
3.298300826183471,-2.2217624520598385,1.0
-0.5549548769957582,0.04158069646316642,0.0
2.248678952228575,0.7997008939979731,1.0
3.7286480753420967,-2.7314913964425713,0.0
-2.4427113026472336,-1.3191952873477215,0.0
-4.247797132894702,-1.2649304768613412,1.0
-2.282816230285159,0.1313067715648697,0.0
1.9644537471150727,-0.7133969183291153,0.0
2.633642775760574,-0.9830079685225201,1.0
-2.516595872222876,0.24712833514214605,0.0
-5.715403676330513,-2.5212652581959976,1.0
-0.9843654769616759,2.657476268350539,0.0
2.6581413581210835,-2.4712405829966535,1.0
4.155816153370484,1.3938046236490855,0.0
1.3313583084318381,1.921757763655064,1.0
-1.1506818270845152,-1.6709936948768835,0.0
0.14428066930511196,0.29305053356084265,0.0
0.4599164641189448,0.39044274888063146,1.0
5.384459018870169,2.4134737385773883,1.0
4.508604438707273,1.8085008654517631,1.0
5.321137287183424,-2.4090321499235805,1.0
-2.818520862651126,-0.0296643260724907,0.0
4.158413917480862,0.030994269136394692,0.0
2.9764168720990654,-2.1662405685065025,1.0
-2.971034244281278,1.3906565702260343,1.0
-4.023191893347311,-0.8918643920704392,1.0
-2.821604906237143,-0.9008298346651289,0.0
2.4998885889356437,-0.7929169131431939,1.0
0.6631598712952824,-2.4004087376735423,0.0
3.6602123188155335,-0.7806682461112509,0.0
1.7824099084001093,1.3523376099709958,1.0
-3.484068934659595,2.3080499097200997,0.0
1.3946910192834352,-0.4276491494911112,0.0
-3.8119777970613655,2.65380562740724,0.0
3.060818449579502,-1.7518526236005068,1.0
-1.947470703309306,1.8580455485284393,0.0
2.3481319585840676,1.5947057562943456,1.0
-0.7055867734448107,1.2988575758530017,0.0
-1.362075325633036,-1.7324224983708214,0.0
1.5921244180963194,2.8560835535927653,1.0
-2.2727883432560447,-0.23418244672476218,0.0
2.088016452838243,0.24903769273492715,1.0
4.121133548508592,1.570456238817096,0.0
-5.3004335536517155,2.990527403542644,1.0
3.0288294446336064,2.1834198977646793,0.0
1.8143725451441561,2.1377107682805736,1.0
-4.6514043008554875,-0.9135729866441062,1.0
4.517051323253913,-1.7900687323986466,1.0
-5.061094817039727,1.728713639671314,1.0
4.025833867719555,-2.0240866908605963,0.0
4.252151793392585,1.1206067735830176,0.0
0.2409921985990069,1.98150115668831,0.0
-0.9690090081724101,-1.8360362626596167,0.0
-2.5817678806726363,0.030984109759888856,0.0
0.37596951207810925,1.8334849586474018,0.0
3.4962326838280138,0.48819934322744896,0.0
3.3694258003857165,-1.849359250237974,0.0
-5.3992256748804675,2.2418029358082006,1.0
-5.093346074846766,-1.5198694215360162,1.0
2.343827395492614,-0.5433123742361454,1.0
4.515767638986105,-1.2121212320263828,1.0
-5.857543839967688,-1.1960661566355353,0.0
0.9369005902179799,-0.7443697475802402,0.0
0.41847306910506354,2.259588713010112,0.0
4.949820650764423,-1.4041556120753274,1.0
-0.45431432076119194,0.29486409144870684,0.0
5.3893494826589645,2.9917039149863083,1.0
-3.1751130139016803,1.3618792280748924,1.0
-1.4636272532016577,-2.9513508186827204,1.0
-5.888969730769172,-0.23660395462646555,0.0
-0.1399810439479845,-2.8645818205593443,0.0
2.2431290012916296,-1.2359796684302813,1.0
0.7187172184313928,-1.1944855610074874,1.0
-3.9943882215683137,-0.556957568406748,1.0
-3.212719622513991,0.20880586151500857,0.0
-3.6140576365622405,0.05043585986776211,1.0
-4.111457821573589,1.0258482569147098,1.0
3.0472522132970887,-2.3376345945003973,1.0
-0.38637105555192974,-2.5747697960707585,1.0
1.1781893465040287,-1.4135742124221278,1.0
0.33149348206449414,0.10476605630574731,1.0
5.092252154325605,0.2944993354123371,1.0
0.9959817566197877,-0.5900812454137183,0.0
5.388955238193802,1.6631154566376578,1.0
-2.5751365163659012,2.065257514657392,1.0
-0.8112436777789203,1.9720028612015632,0.0
3.8746568195220235,-1.8667788794228737,0.0
2.413693576602924,-1.2561421841608134,1.0
-2.4300879600879814,-1.2219115387165156,0.0
2.706818970719379,-1.6210437492447836,1.0
-5.989129977046917,1.2914211208957989,0.0
-3.9457830739784967,-2.373105628152992,0.0
-3.1498065528712784,-0.7205968660637758,1.0
-0.2891240703215914,-2.732579755724215,0.0
5.646879991528326,1.2963783205173485,0.0
-2.1216712161079663,-1.087816456287616,0.0
-0.6174894075784874,0.7574689365781975,0.0
-4.243523200932387,-1.866421117410286,0.0
4.31321499400261,-1.4624704566655646,0.0
-1.4376600242978697,2.227631105700702,0.0
1.9577739527978704,-0.9497287239498702,0.0
2.204394548695449,-2.8819007077115177,0.0
2.827711920136384,-0.0779037569025629,1.0
3.7581857674135346,2.72782591203881,0.0
5.10946259393482,2.455590260732045,1.0
0.1460394712066453,-0.8391473151663718,1.0
-0.4195761032319272,1.1393760198801646,0.0
4.6079733224542405,-1.7580821819992827,1.0
5.018317901540437,1.891081391819334,1.0
5.746272182138815,2.281510639690123,0.0
-2.64075204369712,-2.3642645319357136,1.0
-4.653107136100937,-1.2526600885303434,1.0
1.3702046878144714,1.8259219565830351,1.0
4.791003683778776,0.7425203062153969,1.0
-5.932424247023356,-1.882099340888799,0.0
-4.803285553759585,-0.8200531465859395,1.0
0.01621192360495094,-2.739616928528635,0.0
-1.8182642904521362,-1.9249219522480645,0.0
1.7648419951064866,-0.2143657840539599,0.0
-0.05618823679309415,-0.43384927179923327,1.0
5.472236525838804,-1.7115892492706206,1.0
0.19997111812649138,1.4161042101920156,0.0
0.6821329576147512,2.5741253143008063,0.0
-1.4643797323045895,-0.2179451653609319,0.0
-4.9377322174232585,0.6539946663115712,0.0
-2.5414563786227276,-2.038145762906587,1.0
0.534375514854097,0.19386158027946365,1.0
-5.089540305311429,1.1892927209668365,1.0
1.4852662878102345,-1.8658963035210168,0.0
-0.3667816541514739,1.3219374988713595,0.0
0.3532288864953177,-0.6270655428985785,1.0
-2.1319385030286764,0.6623631998643216,0.0
5.269304379722886,1.0304690428649002,1.0
-5.103049156364214,-0.23589015910719713,0.0
4.689889578127531,-2.4332254451934787,1.0
5.86650854565052,2.694416361872528,0.0
-5.06070623124149,2.60047992269733,1.0
-1.6424089168864535,2.0682550024551754,0.0
-0.9793999474407418,-0.35486932378490454,0.0
1.6109170917305118,1.6468645156559,1.0
-5.594530188621016,0.5589359731628054,0.0
-3.759204070831548,-0.9243028928207826,1.0
-1.8243760061374026,-0.18563795867307853,0.0
-1.9903630574859195,-2.3558332892959934,0.0
-4.252455137694582,-2.799372086633414,0.0
-0.3570109760549478,2.726686169117931,0.0
-4.611897316222601,2.677586958018492,0.0
2.8003381767851216,0.8249928176049792,1.0
1.7433330638827549,1.9603658903776928,1.0
-4.716961627442144,0.028525941393250598,0.0
2.3650936591291014,0.5209226704413821,1.0
3.993348852279535,-2.5663697459318913,0.0
2.2884124739899914,0.20416638230830664,1.0
-1.4500696322406785,-0.9583501065958151,0.0
1.4499915932903145,2.345972247865589,1.0
-0.04588888678661718,1.9483389844615209,0.0
-1.1741234178723898,-2.3856332232409407,1.0
-5.261931162496337,-2.6919937720579346,1.0
-1.4381982965079612,-0.9765734949849474,0.0
2.615244283470833,1.456929009509195,1.0
-5.3897523739951225,-1.6732604226659102,0.0
-2.7088577980932036,0.2856719048568568,0.0
-4.265817313116597,-2.196352683599998,0.0
5.325466670495496,1.825217443786686,1.0
-3.8321411749059564,-0.560593152567054,1.0
-1.7325360089092134,1.746024444392444,0.0
0.12255499773746514,-2.232901578039198,0.0
2.8679047578749266,-0.6186721306504861,1.0
-2.8449090284142353,-0.7470082678756791,0.0
-0.02692123671724378,-0.9413069014979434,1.0
-3.097130728898906,-0.6089878271761178,0.0
-5.7699250710012215,1.6349870765778833,0.0
-3.9486612771889704,-2.7365723182161767,0.0
1.8443843148609504,1.6436167729420337,1.0
3.7659495791141175,-0.038944904036400274,0.0
-3.5355817837201764,1.4233660634989604,1.0
2.396556925852046,-1.5223755953809606,1.0
4.840893070353516,-2.373771251503026,1.0
5.792258875095907,2.161486865864788,0.0
2.2547837457489024,2.632499329678997,1.0
2.6677340198844934,-1.8572580178197244,1.0
-0.6941263426462587,-2.5709818540101876,1.0
-1.3241109325426148,1.4496181184232517,0.0
-1.3626797888301914,-1.0182349471911953,0.0
1.1442686701237426,2.2332271739933702,1.0
-5.42900168944665,-0.6871773918015878,0.0
-4.1011110982168475,1.172125504391218,1.0
-4.731305274826381,0.9888465514814673,1.0
-2.565829550425112,-1.8064991175766518,0.0
5.236230693899824,-2.888852539524265,1.0
-0.7466727373251727,-2.8702380452292373,1.0
-0.19688342274805137,0.006284266766509283,0.0
-2.140050343263036,-2.207029334849858,0.0
-1.4833495471862967,1.0335776395953964,0.0
3.3887497037335095,0.18450361432885387,0.0
1.0780127332770668,-1.7963017732520838,0.0
-2.5520360012682066,-2.0286263396858493,1.0
-3.008455799944664,-1.6506793186468094,1.0
0.23338543669485112,0.37613253474437647,1.0
5.339369049858053,-1.8265761173908617,1.0
1.7001085219379508,1.9035556139251373,1.0
0.7228975653966305,-1.4699780849935458,1.0
-2.8493972397599974,-2.7644816815740008,1.0
-2.3346692814182197,1.46762207402028,0.0
-5.4297869135146755,-1.684228304971016,0.0
2.474789982381383,1.6959093769372595,1.0
-0.5361790792568595,1.1884460308718934,0.0
-1.3445739761412963,-2.040520529855235,0.0
-1.2222060777251222,0.47980692121885715,0.0
5.376639382234684,-2.587494287467936,1.0
0.0887291261395271,-1.0264813307356537,1.0
0.09974033132033444,-2.85614731574081,0.0
-2.243695743581024,1.9192088851620301,0.0
0.6473008062556502,-0.29650504310329584,1.0
-2.573699139415925,-1.2117448632518646,0.0
-1.4027827969129865,2.013424259787362,0.0
5.606558481699221,-0.3680677118977531,0.0
-1.279765935026858,2.079304654919177,0.0
-0.8771361523643568,0.3121090337739072,0.0
-3.228700024815067,1.4610152146744513,1.0
0.3838598192493823,1.8542073014420497,0.0
3.3687927603440357,-1.7099713903798286,0.0
2.5876266066931493,1.800326447708228,1.0
-1.846713110611259,-1.9643453225863527,0.0
-5.968414133044941,-0.2945780814411112,0.0
-1.770807221533901,0.32945900295245334,0.0
-3.743506888934571,2.1579932859988507,0.0
-2.906937412462684,-1.6414223694741001,1.0
-0.23143132218772866,-0.006893857534354453,0.0
-3.418977254578886,-1.3688356396445054,1.0
-3.9635371301370608,1.3107610699390007,0.0
3.2410683750489824,-0.22602901524430408,0.0
2.569044272220209,1.4156123516246728,1.0
-4.340693667866297,2.7970681490072202,0.0
3.8523833651571717,-1.773099232825059,0.0
-3.766019571047157,-2.2460331265225033,0.0
-4.339457249496979,1.488970794172177,1.0
-0.3641489165805174,1.697605036439203,0.0
2.955058732202465,0.6276762810313299,0.0
2.2363992789441554,-2.889865653725149,0.0
-2.2586682383397365,0.826933075556461,0.0
-5.88786055816507,-2.80213833790444,1.0
4.222655789644598,1.1041491701524304,0.0
-2.8155632025558726,1.127777040712254,0.0
3.5094800296711597,-1.1592343013393924,0.0
-5.56755147000975,2.596674748126407,1.0
-1.8578419404524347,-2.3611094202917617,0.0
-0.09771754328223103,1.6108067739848027,0.0
-3.34023222458929,-1.3830596991998199,1.0
-3.087420158417002,2.950038316990069,0.0
-3.6311551952334895,0.4531213017967439,1.0
5.103175699883572,-2.1186205867333245,1.0
5.650250374412403,2.684863406373747,0.0
4.614863844699151,-1.7126608720199865,1.0
1.6086606721317995,1.5653488377674414,1.0
5.832335138357156,-1.9174570675117775,0.0
3.192310794231558,-0.9671929804373223,0.0
-3.892482413183972,-0.47173835271687015,1.0
3.526030945783397,-0.2109011777756873,0.0
0.450277202436582,2.9709564612007275,0.0
-1.2106884053108882,0.6924045282554392,0.0
-1.6170695806155377,-0.6432861220277704,0.0
2.3476890413448963,2.627321856569301,1.0
0.508307405907857,1.6103995736926793,0.0
-4.929521294196434,-1.7330517754084382,1.0
0.025579691034389285,-2.8799296582273515,0.0
-2.9657402548492944,0.1044077389497966,0.0
-5.8204656209243915,-1.4127222826437498,0.0
0.16836983371043424,0.438895487887474,0.0
5.109020316663665,0.8720737395036471,1.0
-1.0231703696400754,2.582107062798407,0.0
3.418595800653531,-1.7999464733235144,0.0
-4.429891663814162,1.0548698144563975,1.0
0.7185979869238057,1.738041682756534,0.0
2.8656606009442385,0.7512692031450903,1.0
5.836586059546706,0.201538380662452,0.0
-4.642730921979362,1.9696413888959299,1.0
-2.977759651851492,1.66381288886351,1.0
5.485285152000618,1.1807730837860477,1.0
1.1523619313976132,-0.23768294594975625,0.0
-1.6270816080551604,-0.8819714941689822,0.0
1.6364724685150875,1.5076387016264752,1.0
2.142204833812972,-1.8095393928386236,0.0
-0.07215383827810573,1.7498404330983774,0.0
-0.29155106173132506,0.21973967841296282,0.0
3.2536325780498654,0.967591837590549,0.0
-1.0878609494112883,2.3724762671653137,0.0
-4.049195176038257,2.9730986915419484,0.0
-4.573769058285153,-2.9103001733745666,0.0
4.6802268137851755,-1.5302789498042635,1.0
2.756395529360651,1.8660922495924162,0.0
4.307836692385402,2.9495654139850007,0.0
-2.471523479520011,1.2614600515635548,0.0
-4.615201700630061,-0.5591442518589034,1.0
4.175660319751085,-0.7940517236453499,0.0
1.0931445664273687,0.022640662347804152,0.0
1.7514183733445403,2.83736633632617,1.0
-5.3311736819831745,0.4437691050097783,0.0
4.356345351003418,-0.11170372950943497,0.0
-5.057673768701126,0.36323611450062554,0.0
-2.0151133101141547,-2.070349287972385,0.0
4.188414159401676,0.12959707794672948,0.0
5.1993169485488,1.8360990276184141,1.0
2.3156615252840087,-2.9698469798081284,0.0
-0.8661185203410007,-1.8150823100878062,1.0
4.929574932586412,-1.9524960919418384,1.0
-2.567279380088574,0.10102060640699495,0.0
-2.839636572023049,-1.740811936325273,1.0
1.1891919012330288,-2.466422863469857,0.0
-5.301986895348904,-0.7665282288835717,0.0
2.6479734540943483,0.3288405496436879,1.0
-0.9254823783986534,0.3945093853474946,0.0
-1.6145821841607173,2.616878012592677,0.0
-5.341141309070708,1.0403488741790117,0.0
4.6953919779330064,1.82330825241152,1.0
-3.791507582142639,-1.2244419061182699,1.0
2.6045752644852556,-2.494376644915407,1.0
3.7423403979910077,1.3134416676287417,0.0
2.755279790824112,-2.3985517783944514,1.0
2.61312653779477,1.07890875131982,1.0
3.971069889862207,-2.750424262461183,0.0
-5.722671978386494,-0.7619574007286358,0.0
-4.214540593810165,0.3503068654213317,1.0
5.008186818080986,-0.6511216179959058,1.0
4.13940452727125,-2.998554752892801,0.0
-3.9778242784897895,-2.8174587620754865,0.0
-2.0622338338191764,2.4491375741790167,0.0
-4.8365745168121475,0.6384586604628022,0.0
-0.5820487305666697,2.630809274194875,0.0
-4.5297702895548735,-1.7278328969866263,1.0
-5.645496376662081,-0.3963885022117575,0.0
-2.6660052052241485,2.2194356033419256,1.0
1.2592897583730611,0.6845444278542101,1.0
0.3829283625756297,-2.448897976624794,0.0
-0.6597757952957366,2.9970311382510992,0.0
4.022751490152178,2.360754325002695,0.0
3.8787163109579943,-2.3817498394141037,0.0
-3.2706209512224045,-2.9812700918615422,0.0
-2.3578785014626624,-2.3483555859210448,1.0
-0.3264798563810043,1.0627649314434118,0.0
4.494063540456924,1.4953029905453894,0.0
5.2630271493420615,-2.6766102576372672,1.0
-5.853841975001503,0.968028683017276,0.0
-2.5277710773330453,-1.4789939033653612,0.0
-2.029354947674469,-1.381223652645815,0.0
0.13723687561904718,-0.3591093166552053,1.0
0.14914261651987637,1.0362816690026175,0.0
-1.3544338923462202,-1.4921538771470593,0.0
-4.005593558295054,-0.9031552828042466,1.0
2.901677702954064,1.540229460668817,0.0
2.0028646402105235,-1.5958309481587525,0.0
1.057034950256373,0.42413796946108784,1.0
-0.1888056226832937,0.2998739183031853,0.0
-0.0985124085159832,0.39273819644464947,0.0
2.5860714554535456,-2.342230833579362,1.0
2.9955090257882837,-2.1846830992344346,1.0
-5.200464019075504,2.8564781173288054,1.0
5.4839012264452975,-2.6373807303566155,1.0
-0.6809587023004546,-1.8825303702013516,1.0
-0.17586123438698298,1.9810634579975241,0.0
5.407341296914684,0.8055159207092242,1.0
-1.7531319934581955,0.6199533938675903,0.0
-2.255984326698596,2.4589418449923617,0.0
4.444805557270044,0.3493905016779659,0.0
-2.1024130154356735,-1.23966194650213,0.0
-5.5989840635392865,1.8949251061517716,0.0
-0.5954014435319044,-1.0492024295984135,0.0
-0.3466757400269529,1.9124279427279118,0.0
-4.504629507509746,2.145935929450964,0.0
4.770106021300247,2.680247490203329,1.0
-1.2301440909284667,-1.6971575757739688,0.0
-1.5163101783996176,-1.0025274226115803,0.0
-3.8861530499656793,0.6436000206089276,1.0
-0.280510073896453,2.1942059539440217,0.0
-5.6146850342153005,0.8632075653307583,0.0
3.155386542138734,1.5569194151298422,0.0
4.632887605146301,1.3742024569769642,1.0
5.133720739772356,-1.0040604010746512,1.0
0.038513001018516846,-2.9155220203026557,0.0
-5.9165089523605054,-1.5592402772908807,0.0
-4.7903136343309765,-1.4387317923854783,1.0
-3.875480465659231,-2.828879850968111,0.0
4.911649756872592,-2.9506612116666506,1.0
2.8329857320450245,-2.087112678482901,1.0
4.946755463995199,2.3567756375393145,1.0
1.8468137564310876,1.0334048988036306,1.0
-5.935930296363738,2.909229396681612,1.0
4.533991242909773,2.370637354380552,1.0
1.9109344446104632,-0.9312784280727806,0.0
4.72378378908577,-1.250898431092846,1.0
0.7525385201064339,-2.4016141659367056,0.0
5.0634675615930025,-2.15537725337272,1.0
-3.301238331235113,0.34880494876929014,0.0
3.1691160025557785,0.7161078356177937,0.0
-3.214393046398126,-2.994341744835058,0.0
3.0858069636892704,2.9112439554665626,0.0
3.7189574436730855,-0.23876029106030794,0.0
4.845207136789279,-0.5409139612898999,1.0
0.29920901092161056,-0.1372213956259003,1.0
-0.6285135280137002,1.6511446157634344,0.0
0.32122688723390347,-1.0996972678487036,1.0
-2.90210198809826,-2.7735160981953997,1.0
0.9983419425965518,-1.6202315075937948,0.0
-4.222392935803403,0.922979782966066,1.0
2.1745110938585857,1.5129293535459958,1.0
0.04292275606309737,2.3643276312233192,0.0
5.236113040778733,1.8442256387549367,1.0
1.6271217840982466,-1.177674278452868,1.0
5.795339059442654,-1.35518299684837,0.0
-3.5681169361148273,-0.34707531728050345,1.0
-5.3179131514513385,2.870966788030745,1.0
1.0612026769970981,0.3417125499850515,1.0
1.8695553587966387,-0.017858113336759907,0.0
-5.615237794865501,0.6738677330423806,0.0
2.594086523477168,-0.4995056362556811,1.0
3.087546864854314,-1.6379922039694763,1.0
-3.3446809072057917,-2.0314980738745563,1.0
-1.5360628825300573,2.0820722123345012,0.0
3.9349447457887727,-0.7030547522189772,0.0
1.0694248317628388,1.3248978988494935,1.0
-3.1055187044637242,-1.9911534846315175,1.0
5.665151918547732,0.7053438792577111,0.0
5.776988662003966,-0.9734640772066254,0.0
2.436380399689579,-1.6643781807525737,1.0
-2.865597944713045,0.07141272761774387,0.0
-2.1645824939031453,-1.9942706169564932,0.0
-2.845431576128088,-2.7855096332048124,1.0
2.4530834577298393,-0.04730005748483013,1.0
-4.869083203145692,-1.9698360412290528,1.0
-4.769585542648272,0.6755568496552589,1.0
-4.869475636650074,1.5256939982112963,1.0
-5.753868968155306,-1.5037452720246474,0.0
4.688000110702886,1.3111879087334763,1.0
-5.124380004891748,1.9267566269110787,1.0
-0.08357854151754296,2.0806981630129755,0.0
1.2088772934047203,1.0909981921971523,1.0
5.922018724748497,-1.605986724455891,0.0
1.4873468971366606,-0.23807165965560984,0.0
-5.526576564927703,-2.91317615098281,1.0
-4.5692570661856955,0.8945504432312887,1.0
0.8059570549607065,0.3205773669823646,1.0
-5.6177188496608785,-0.1841820218399577,0.0
5.095473814110342,-0.6144487841361204,1.0
1.499069637461476,1.6789120537388609,1.0
3.407103349702652,0.1156804943716283,0.0
4.295423344828036,-0.6517314398175182,0.0
4.66431857741758,-1.5586370016267281,1.0
-2.6374031161131475,-2.6812762548059936,1.0
3.5469820385073945,-0.49766858260376656,0.0
-3.2506006330632116,-1.609258334300522,1.0
4.816799294750798,2.0034996027662215,1.0
0.6423706242861993,0.6966648024943263,1.0
-0.30809315339650745,-0.6500007427271468,1.0
4.985722574619977,-2.2463237788781876,1.0
-0.9786385234052641,-0.9326285520727478,0.0
-0.022191356986219546,-0.2542087527289496,1.0
0.22667437981297667,-2.1604861366380357,0.0
0.1576980181593246,-1.5454871166767348,1.0
-3.788023812141705,-2.6109946872828527,0.0
3.1518307050736905,-0.43534847486064,0.0
1.5197241997411002,1.3655600598284598,1.0
2.1517999837626416,-0.17699568546190658,1.0
-1.345217652579242,-0.7442405421560174,0.0
1.680585563160676,-0.031233870348759574,0.0
4.189586975862127,2.2482119059602725,0.0
-3.9532754639217784,-2.182598090725646,0.0
1.5648111124319941,-1.1926455116263235,1.0
-5.777151374818814,2.3318560161777304,0.0
-3.277190793074301,2.5756839101148543,0.0
2.609213410539043,1.5759209394689062,1.0
-3.582462050482075,-1.5948334462991225,1.0
0.2552130458887891,-1.967400884100827,0.0
-2.3348196878036127,-1.0712251323131732,0.0
-4.084440800966831,-1.7689029996290355,0.0
3.4626221040990792,-1.9968248727163898,0.0
-5.658511297872931,0.7761296557736306,0.0
5.7117974327094,-1.0127171122612717,0.0
-4.5761315616449725,0.4223239522051845,1.0
4.876250533147754,1.7043706789708732,1.0
1.4701904209525924,-1.1096610203544037,1.0
0.5025620793146395,-2.4525309521744676,0.0
2.14734509136804,1.3505761133859053,1.0
5.580379474919026,-1.4376158475295702,0.0
-5.778522971483728,0.27365078656290365,0.0
2.481486052761774,1.7424448552979275,1.0
-3.675132803702273,-1.429482785777858,1.0
0.15109110320755548,-1.0163951401799889,1.0
4.326137839049341,-0.1574390775676786,0.0
3.5949437292240347,0.4837185628941225,0.0
3.2770816994053433,-1.003962080818057,0.0
3.976999463163734,-1.3525661066938706,0.0
0.5531856960394901,-1.7159573209567547,0.0
-0.2936817404856793,-1.090948742947781,1.0
-2.799558832353429,2.801910108168225,1.0
-4.079110734159233,1.723955024744372,0.0
5.809979513798579,-2.880591097559533,0.0
2.3883289685051405,-1.4825291666622773,1.0
-5.514146108060347,-0.582662526260215,0.0
5.2226137220505,-2.929409433798014,1.0
1.0546283031573802,0.008378871571945723,0.0
4.480609972452569,-2.495989712876246,0.0
2.178312358639804,1.0806581905996637,1.0
2.028960202347399,2.654006969610222,1.0
3.877050348082566,-2.748163642538964,0.0
-0.34700579154584155,-0.6122816627919994,0.0
-2.2782333469103753,-0.29197964907541607,0.0
-1.389669780888271,-0.4059966007280078,0.0
5.751142387303709,-2.468202151502515,0.0
5.066770438064758,-0.11857971917384003,1.0
1.484906945994494,1.9810977997061627,1.0
-1.674443650208934,-0.41746855147219897,0.0
-1.0857782366554325,-0.7516138647854409,0.0
5.106351859762739,1.973579347158072,1.0
-4.692000121644287,-2.3512598851374236,1.0
-0.8655658217641058,-2.408055739603146,1.0
1.4291171432534355,-2.1378503564295963,0.0
0.2684791676016127,-2.9566803179776935,0.0
-2.2008438190482393,1.0631443420359323,0.0
-0.19153271726581877,2.8696169159939284,0.0
4.489245552794529,-0.845575325741093,0.0
-5.454161502332704,2.073757800690113,1.0
4.934811723776058,1.9237643605142205,1.0
-4.464600708962822,2.9874908064737262,0.0
-2.896989341366714,1.3452294768502204,1.0
4.896418516028659,-1.5858773140157434,1.0
4.899102656124793,-1.1431105248307982,1.0
5.716958668608674,-1.3124398777171524,0.0
5.441229897094022,-2.6787320946439506,1.0
2.511264140037756,0.19266680302202221,1.0
-0.26547507452723274,-1.65903411446496,1.0
2.4671494773179035,-1.8551430513221574,1.0
0.6341015518172188,-1.4805278217584952,1.0
5.4674565573762735,-2.828212836986083,1.0
-3.6032606386651613,-1.5461363616753137,1.0
-1.0311860907862034,-1.6036185487796788,0.0
-0.10381091677457732,2.2347931395512344,0.0
2.5447610569100494,0.47977188321066633,1.0
-4.931961864207844,1.1639526503356539,1.0
-4.003028588268721,1.7182043157701878,0.0
-2.9993188978781617,-0.4977076300745944,0.0
-1.7943575721848646,2.1528834880491408,0.0
-4.481466495439102,0.39386929430873163,1.0
-4.295260686683253,1.2287750167931204,1.0
4.8609375335337734,-0.3923540767964795,1.0
-0.14289287682028906,2.5645370188965737,0.0
0.2518966637922855,-0.07440937170263417,1.0
0.9399492324516494,1.1353784181777113,1.0
-4.717399498955624,1.9266631664490959,1.0
-0.773939670560889,-2.5659089406150866,1.0
3.434192030378558,-0.7383001698823675,0.0
-4.795590058859353,0.8026742372595033,1.0
4.561576241203699,2.3265210564839176,1.0
5.491961697707678,2.2062327586001285,1.0
-5.974308967854297,-0.7185530015196586,0.0
3.8225109588660366,-0.8024819640091545,0.0
1.2185820765564737,0.6379016842471921,1.0
-1.6196963515341238,2.4268435636877257,0.0
0.03874014463341169,-0.21129476437499495,1.0
5.9701649479427505,-0.03899781556429982,0.0
-3.8592209768570274,0.07841653718062824,1.0
3.768200826239161,1.6611619613896886,0.0
3.462981181301652,1.2481427039874706,0.0
-2.9493860511997414,2.172504515041389,1.0
4.721321584515181,-1.8350838202887056,1.0
-4.434532361383273,2.853629811534672,0.0
4.419887563804416,2.35941688325968,0.0
4.6365166154927415,0.2501209442023704,1.0
1.7568208399895964,0.27217711280184975,0.0
-5.385523809716052,1.473018512116636,0.0
0.06398440003056294,0.8862544487413784,0.0
0.031677659706423,-0.049132066065264546,1.0
-3.938530686266798,-1.3277177091531063,0.0
-4.093767696672531,-1.8260022262479454,0.0
5.675728565043659,-2.0813193253668096,0.0
-2.7687549083375083,0.5435379464315098,0.0
1.3221429148397021,-2.0761552215370256,0.0
3.5246091094225473,1.7112172074769498,0.0
-3.152187549553307,-1.2680021839472373,1.0
5.255854385513963,1.9540286758768683,1.0
2.373564396750286,-2.506600670936397,0.0
-0.9808310291690914,0.35581123246096213,0.0
-3.751064544194677,-0.31064050735065285,1.0
1.2123105298642791,-1.0357399193076047,1.0
3.3713378274058456,2.0426974898328325,0.0
-2.116686366791151,2.031942926954743,0.0
-4.75708120676382,2.026374591735938,1.0
-4.1669948199886,-2.5024370849416435,0.0
1.7013048532921342,-0.16837580546823405,0.0
4.894687204953993,-0.8208648234549045,1.0
-2.554172838748456,0.0044094368651901306,0.0
-0.5286457707760643,-0.9334317226968705,0.0
2.3248955843799433,1.5573710034834498,1.0
4.2358076283616395,2.837139628262057,0.0
-2.8001256944099464,1.296560894939769,0.0
-1.2689011740510576,1.062491831706648,0.0
-0.28821971580935646,2.96263861660759,0.0
2.746825629488999,2.7149478026059466,0.0
4.019634593774228,2.4174060669802264,0.0
3.7730303665760996,-0.24504521774453192,0.0
-2.9785385598373875,-0.7780789472968666,0.0
-5.757165208320595,0.14395900478800305,0.0
0.06069360324490436,0.15150278898292946,0.0
5.688374699664767,2.468724020729036,0.0
-4.059446660038704,-0.7867048706646651,1.0
-0.9125258464408574,-0.8368024928901132,0.0
3.5819515632469567,0.14422601920552136,0.0
0.8651978036595,2.118081353927553,0.0
3.6711378409843043,-2.206730863078202,0.0
2.5669750090036114,-0.38738322658778657,1.0
-2.4642131632499944,-2.699887074586882,1.0
-0.15300527585458834,-0.8673799156528119,1.0
-2.98184352388319,1.1680303775817453,1.0
3.233824647787044,-1.5312628858234512,1.0
-5.4066307598478325,2.09251620339141,1.0
-5.88048310554836,2.622674963528832,0.0
1.531438487792471,-1.0689201887920783,1.0
-3.0422650850791655,-2.9459660144131483,0.0
-3.174342995869474,-2.1736301908971534,1.0
1.3459946486777472,-2.0007264684371924,0.0
0.343558050439432,0.5406985340668249,1.0
-2.4234996198370258,-2.7896103058876878,1.0
-5.552953432629646,-2.8419160068364944,1.0
2.8694960056385543,-1.0919417711142112,1.0
3.5556022316119638,-0.4096030569429052,0.0
-0.5640227900404344,0.07729561505744265,0.0
2.556377476501247,-1.3589828050217576,1.0
-4.540951805597677,0.336344011148769,1.0
-2.076268521087129,-0.3450521179917754,0.0
1.7633605000476642,-0.0352455531523761,0.0
1.4433458052101145,0.26520001268176685,0.0
2.8775564632331907,1.2356197062697198,0.0
0.4102787017034304,1.0734181251582413,0.0
4.482715227271353,-0.40637227327098824,0.0
-1.0468431270144762,1.585473725114281,0.0
0.9906460445039285,-2.5739593186644685,0.0
4.705344188292976,-2.815301386574159,1.0
2.980756274516917,1.5527648562258776,0.0
5.4373330233831645,-2.6751935495860755,1.0
1.162282329413891,-0.43295657623768236,0.0
-2.0324045416854957,-2.458088638205562,0.0
0.7518494360557106,-0.12575564595231814,1.0
-4.745346502187709,0.6749370425825001,1.0
2.855437443035262,1.6036698063218893,0.0
4.864478259149129,-0.5431755486673371,1.0
5.436873223465643,2.192576430496116,1.0
-2.4419811477127316,-2.044301775903249,0.0
-0.7753272464638385,-0.5886077522642004,0.0
0.908631663974452,0.5003173939664878,1.0
2.9998438125597033,0.05933968923366084,0.0
-4.7421283087108135,2.1497480133186366,1.0
-2.282825001777755,2.8277847618395526,1.0
-4.585678695842758,2.7495070333950196,0.0
-4.907858317409796,-1.6137831723176432,1.0
-5.441040694961501,1.2306788798339694,0.0
4.203584838861502,-0.3955735091041177,0.0
5.142264900509156,0.5417944305335975,1.0
1.560085625358278,2.072515210204619,1.0
-2.438397539377933,-0.8744056720342455,0.0
4.871423030335732,2.405780976232583,1.0
5.71779331441045,2.4110298986500265,0.0
-4.47153556759967,1.942345716821924,1.0
-1.0819382626848713,2.9448081356756273,0.0
-0.3326284280543872,0.32301649501332363,0.0
0.3572989830815825,-1.0695778208503333,1.0
-5.0997349332849815,2.3739073824115113,1.0
3.6321097503154416,-2.1628393166419846,0.0
3.321219256200875,0.7550799963036603,0.0
-1.0902745449885325,-1.4758731054266236,0.0
4.31674540202679,1.201129555764318,0.0
0.5728789136296424,0.6574112033907848,1.0
-4.907205815013828,-0.15648143453284824,0.0
-3.675596486571576,-1.7496979259470478,0.0
1.9356475474424002,2.4675369110057286,1.0
-1.1549206742598415,-1.7535043619268578,0.0
1.784963246839851,2.2271222781019064,1.0
2.97982561346989,2.212543383219523,0.0
0.43865605212959213,1.5112574662151452,0.0
-4.319225287692762,-0.9103523078208511,1.0
-1.3254100262217303,0.06777447747620746,0.0
5.148916323081885,2.245779361333046,1.0
-4.385694092529786,-1.9632620887052208,0.0
-1.7083134049330635,-1.2555368046559565,0.0
1.377251437875147,2.416656286587269,1.0
5.5474985000710415,0.9216177152113589,0.0
4.057910416813041,0.1512132013847829,0.0
-3.5000766376795234,0.1481304725608643,1.0
0.6609912172518131,1.4547453852813392,0.0
-3.361404123511811,-0.7901377074796097,1.0
-1.6316703694252048,2.756637574446989,0.0
-0.6726604760793728,1.530563803788879,0.0
3.0097365764932675,-1.4067348911805517,1.0
0.8624362724607852,2.3658173599118886,0.0
-0.2976273665166067,2.6707050440552766,0.0
-3.426501248110061,-2.5550453653558156,0.0
4.697446477736992,2.0860871877733,1.0
5.911078511206137,1.0763609286745561,0.0
5.240255120005795,1.9616941505046652,1.0
4.133115997441042,0.41484942272560943,0.0
-1.4116248249994694,2.6073484352596914,0.0
-0.8145938926092668,0.23291620349801434,0.0
-0.6466283144977467,0.3889098837611824,0.0
-0.3539390520920733,-2.7121946485231447,0.0
4.584578232092383,-0.33363708650538104,1.0
1.0673237820881845,-2.1648731834520776,0.0
-5.959345824208331,-1.5282594381381422,0.0
2.4550323856002034,-2.4048328193227286,1.0
4.906649284637615,-1.7098645838628925,1.0
-3.5448766284986903,-1.910952230271027,0.0
-5.8322194443436235,1.630832810869408,0.0
4.500414374943102,0.6849762156971932,1.0
-3.7416002198416525,-1.2883320183547216,1.0
-0.28887963162044095,2.7260757097398045,0.0
-3.0317835381870863,1.389875423519328,1.0
-0.7266213204849556,-1.2129159098398692,0.0
-0.529008755734635,-2.572759694752605,1.0
3.584248451164349,-1.5401884321021972,0.0
2.7049454783156452,-2.5899097713108317,1.0
5.461182673988233,-1.8419100875658083,1.0
4.592904914484965,1.8568392576926067,1.0
5.614319088976991,-0.13265603432550233,0.0
2.728767526151419,-0.7757360577732957,1.0
-3.787581143763674,-0.34154440239930706,1.0
-4.0110118153385415,2.8922677367183036,0.0
-4.8450421063114035,0.5352703407157224,0.0
1.5175662630486713,0.22847725724432522,0.0
1.9462306285420023,-2.3029153499286545,0.0
0.6602222904634925,-1.2767245732358308,1.0
5.28211275961268,1.5724299206383545,1.0
5.670173785916912,-2.7746635815588627,0.0
-2.5784018978314958,-1.827464480169906,0.0
-5.8661449522580345,-1.5460456185220715,0.0
2.1453118022451463,-1.6134664671925887,0.0
0.10804134579141866,2.3269086897899918,0.0
2.3250950441889024,-0.6322255805638082,1.0
-1.5303727330547003,-0.26558511594909184,0.0
-3.8755027072811234,0.8040046044959288,1.0
-1.630166170744734,2.114192095572262,0.0
3.0786319206937947,0.6630789845529605,0.0
-1.6295733282058071,-1.7404090099590936,0.0
3.3138223692674735,-0.08154540605348082,0.0
-3.30299954187171,-1.8289523097599627,1.0
-4.015189145983692,1.6629671772335701,0.0
-3.2521537763962596,0.15985358115118498,0.0
-0.5814436683233222,0.4776653953697032,0.0
4.52585880445433,2.206484340490384,1.0
-0.5870871381016842,-2.9078024955916604,1.0
-0.8826743314283618,0.6371612245448421,0.0
0.6931771091767409,0.9080166348012328,1.0
-4.151091210322998,0.8792105926843954,1.0
-3.8081805750747333,1.5031438841804938,0.0
-1.9309486408478396,1.259372600288721,0.0
-5.425612813126715,-0.5528398464545194,0.0
2.460414267159994,-1.6387769020110352,1.0
3.543444537566671,0.784678398629592,0.0
1.0507412657975799,-0.878706874773977,0.0
-0.2105823554265891,0.5840958058671184,0.0
-0.33045463302131495,1.1898799436433602,0.0
-0.7956368027164853,-1.786360909547818,1.0
-3.432794606387433,-2.9651773869423534,0.0
-2.3885074132959305,1.4935058428711177,0.0
3.5299525060513144,-1.7851947474254999,0.0
5.508527962456892,0.014416760880760382,0.0
5.0037449882220315,1.2405916911697865,1.0
2.6692010762689566,-2.4897382721635735,1.0
-3.360106477236832,-2.947111000233164,0.0
2.5935316857208495,-0.9333702694289401,1.0
3.439830192916162,-0.9663826803778424,0.0
3.8320050275863338,-2.215810477510122,0.0
-3.9195221189099017,-0.9547407624963808,1.0
-1.0981513334127202,-0.9077831349421297,0.0
3.1637643902786383,-2.4182916442397118,1.0
-1.7853957643381433,2.0234399970927566,0.0
-5.198435072853936,2.6540610460281444,1.0
5.835802107264154,-2.4685909570495195,0.0
-2.5047297329311564,-0.7655960037878629,0.0
3.3166964238327132,0.5755608727004029,0.0
1.7323884059108083,1.545058936911036,1.0
-4.584252006755691,1.9992567414615738,1.0
2.4674376501617274,0.4640503511782219,1.0
4.6768240173966795,1.201838123302843,1.0
-3.579600448427695,-0.4215277135459994,1.0
-0.07148559677120048,-2.668694239497566,0.0
5.455650160320669,-2.228536435218729,1.0
2.369535206720723,0.03738621654528096,1.0
-5.692413001386929,2.54848485518617,1.0
4.222041705827198,0.1455475674230131,0.0
-3.252691966326657,-2.2702626559194345,1.0
-1.6392902468144808,-1.467430313723457,0.0
0.08029441207558463,2.7984557767405738,0.0
0.8994419187556968,2.339586335340588,0.0
1.8105460499493269,-0.14852084047679703,0.0
4.255290752800455,-0.1717913389620147,0.0
4.423538046124332,-1.2505393825454083,0.0
-4.454243114844143,2.1318867861776303,0.0
1.0489819655120014,2.3345543894937606,0.0
5.253926483908598,-2.678229657771305,1.0
0.01163162230642012,-0.7502127055528245,1.0
1.5103007648414053,1.761547183213941,1.0
-2.6329174083075726,0.34079030623902984,0.0
2.5047429588587953,-2.193413502985596,1.0
3.768802871415202,0.6366575991178385,0.0
5.3944492453638215,-0.9628264852158406,1.0
-4.702248691953616,0.03900720622155163,0.0
-4.970270739486734,2.8171591399440405,1.0
-5.5357805009137016,1.521023406643848,0.0
0.30122877770692824,-0.7882760850102679,1.0
-5.209894025896144,0.7330015450416463,0.0
1.022643952691463,-1.3147003615944015,1.0
4.922660416923746,-1.1753399559429787,1.0
-0.603295072894726,0.2625747355119339,0.0
-4.797217461884567,2.592970315281794,1.0
-1.5055661705875067,-2.5153247167539385,0.0
-1.3525059158960406,0.6012152825554842,0.0
0.16383206185595434,1.1672518442236441,0.0
-5.334192695185072,-1.2927563383676632,0.0
3.830766922081228,-2.520637873251835,0.0
4.26583145635149,-2.4486234475373623,0.0
4.013450578700354,-0.8352695935276397,0.0
1.3465087590865892,-2.0826773061120107,0.0
-5.205975339297829,-1.7043707758791895,1.0
-4.465754185095653,-1.1255646139222093,1.0
0.17259895813224269,0.5325567813900571,0.0
3.4784172885569156,0.9374393594901518,0.0
1.3050999015546356,-0.5293078350853522,0.0
-0.31429878047833526,-0.5128750236589132,0.0
4.105992360736597,-1.619997284709601,0.0
-5.9313488214964245,0.9079193833574357,0.0
-3.5704537963340233,2.3406908178588557,0.0
4.308555956479873,-2.539635768430765,0.0
-4.723339135031072,-0.02897044652000247,0.0
1.310671953232256,-1.3505499751065555,1.0
2.6015726003924478,0.5694961255132291,1.0
-2.1021106830173437,-2.8477710717461067,1.0
3.001803375582213,-1.7114780050495038,1.0
4.01368492155154,-0.4782584396744687,0.0
0.9249293115811845,2.2376923824540116,0.0
4.36347601103944,-0.7708825485385606,0.0
-3.4933332874218825,1.6508764663715683,1.0
-0.8030375567744255,-1.8477480386459755,1.0
4.853104107805802,-1.8113748345534757,1.0
-5.690313981705227,-2.87832015739548,1.0
1.4677842774511713,0.9700503643051821,1.0
-2.267499539316193,-1.0799340645176196,0.0
-1.926073019280687,1.080951280553272,0.0
-5.302394507678057,2.574698116147954,1.0
-3.3297474698706426,2.9980392314525535,0.0
-3.941727674553756,1.6292787438742646,0.0
-3.3190494608444996,-2.514919190140476,0.0
4.499199892207786,2.152507555145352,0.0
-1.1571552906047842,1.214376855242561,0.0
0.6847911922070056,2.1177366820424925,0.0
-2.219328368176147,0.1420343999939111,0.0
-0.17553154554539496,-0.8765650424588474,1.0
4.6974607746764665,-2.004732452024787,1.0
-4.205896325751646,0.4614572119365081,1.0
1.889930759819304,-1.832284474052609,0.0
-1.31139069294451,2.679383057872462,0.0
-3.040590927711912,1.010164212704364,1.0
2.88179272437109,-0.311227803209043,1.0
5.250311841114996,1.4199404113127425,1.0
-0.5049050416692253,0.4160112106565639,0.0
2.3113613211012076,0.5531410825753094,1.0
4.544371005912911,-0.8586680263175932,1.0
-2.401371119330341,-1.7169666630284142,0.0
-5.546604383224858,-2.741916213719668,1.0
4.440662317311393,1.070358878435444,0.0
1.9263889852378338,0.6878569136093162,1.0
4.190629736329258,-0.1183984460062355,0.0
4.444929942699604,-0.8433298429065648,0.0
5.120490052069087,1.191941880487441,1.0
-2.913874367706873,0.3845095301317505,0.0
0.39636673785906673,-2.172607069617996,0.0
1.0949148690073693,-1.1112862576982523,1.0
-5.37181479828477,2.691936946239389,1.0
1.697884428771454,2.261513591225082,1.0
2.1126720601590385,-0.8580978471593221,0.0
0.152256867945737,1.0544805620830626,0.0
5.523027902417251,-1.4779832452698212,0.0
4.499724703489413,2.5444668317656163,0.0
2.0449861759074786,2.5875997644080266,1.0
-1.2254569502715782,2.718097056242657,0.0
2.433394525991698,-2.7479653954871286,0.0
4.882473981828634,-0.09316314580084484,1.0
-0.4760761826660058,0.39879963587780587,0.0
-4.2073854387452645,-0.185003708595608,1.0
3.9735266006129493,-2.907105245174908,0.0
-2.7249940761075444,-2.985272481336935,1.0
-1.01146429020182,1.369893062962408,0.0
3.5852619493755427,2.671138566762039,0.0
1.302055355649438,-1.4722388000826272,1.0
5.089775389640387,1.651894523282257,1.0
0.8931417960377344,1.1738412943136156,1.0
5.091796260089151,1.2743641708375302,1.0
-1.579505908983192,1.2781692137345804,0.0
-5.516662047175346,-0.6815066290165124,0.0
-1.1241236178530487,-1.998970593474992,0.0
-5.722974233378758,-2.199712580173543,0.0
1.855457949564661,1.813732898182125,1.0
5.8584419127236895,-0.9218189813490341,0.0
1.1925506671332204,2.622869800890731,0.0
-3.9954986239421686,1.3058735180564565,0.0
3.059744797789959,-2.4661467847839695,1.0
4.334992622196781,1.8786302826650632,0.0
-5.599163921070787,-2.4534935107196914,1.0
-5.410477273297772,-0.9915388092038269,0.0
0.11146788815911357,0.1940863677277731,1.0
-2.787998882766688,2.4695813193616445,1.0
-1.5808465215370422,-2.726699064207885,0.0
-2.3972746615033635,0.18665653526493298,0.0
-1.1013381289412152,-1.356944885404445,0.0
-4.4241210028281905,1.9149870005773781,0.0
5.9537429054903015,-1.0227471988567076,0.0
-1.420547469880753,0.7082251480617421,0.0
2.6212976968264954,-0.6478227911784522,1.0
4.859154203781783,0.3600239353735102,1.0
-0.5953190831288282,0.8800365189594306,0.0
5.433646178990077,1.7673137665302328,1.0
-5.519842433578508,-1.0061405355602422,0.0
-0.35346378058532757,-1.1128945667453685,1.0
2.4022507299654787,1.9576148991754865,1.0
2.77614114222326,2.935999720969652,0.0
-2.729428225283651,2.2499369701465284,1.0
3.1994719820938347,-0.8269274546511234,0.0
2.8094945238836235,-2.3755442614905182,1.0
3.4720017880866276,0.19398361552261578,0.0
-2.492517927488962,0.9346638107050809,0.0
1.6994399845729085,-1.7430826636824017,0.0
-5.635231022261687,-0.3982644785899567,0.0
0.8341424321330546,2.259631670223591,0.0
5.138601547771133,0.1728313089405984,1.0
3.045641805222539,-0.3641803660320182,1.0
2.952985878874717,-1.7711908503649985,1.0
-1.547223182357623,0.8053679928816888,0.0
-5.782104412715054,1.3347678620337238,0.0
4.026426015218002,-0.6051500334362911,0.0
-0.6246909938740277,2.107693273299186,0.0
3.307855623912401,-1.27110306579975,0.0
-2.1122867212615324,1.0732693943435798,0.0
0.7583771093779346,-2.0266225734210184,0.0
-2.280841089250003,2.3998996612719248,0.0
2.2580932406671614,2.915845906113117,1.0
3.2041503597692333,2.651846592861541,0.0
-3.405737113554295,1.6289092489015546,1.0
-5.757389758226431,1.0245601302692036,0.0
-0.3686126625571031,-0.9194395684795884,1.0
4.348852227517069,2.125606155945184,0.0
-5.732379541216277,0.657030734696586,0.0
-1.586013308148523,-0.5060339909973051,0.0
3.984488870625311,-1.1409613708339303,0.0
5.316585727651441,-1.9221970417671554,1.0
1.9526690804181328,1.0326304020825887,1.0
-2.9736580628649816,-1.0514963461967881,0.0
4.017581910959285,1.5708315297297144,0.0
-2.0508494362228853,0.2037392816096033,0.0
-5.259836444962854,-1.7475247056082246,1.0
-0.17015329367521126,-2.4841575883247304,0.0
4.11998825870325,1.3080372606458877,0.0
5.323604047781938,1.1608014357841627,1.0
5.284816467146227,0.32707533414578993,1.0
1.2026233327436326,2.8618263277575657,0.0
1.705549762371124,-2.81528058683552,0.0
2.6856333195662785,2.4328121528244937,0.0
3.546962997531919,0.5029996357525359,0.0
2.055642157122197,2.94115073551003,1.0
-4.91205493788794,1.0034689717994372,1.0
-2.599227665152874,0.8405423795170206,0.0
1.2914829106072654,-2.0792590073510278,0.0
-3.51904025111713,0.729777468259281,1.0
-4.461240632354711,-1.408914749218063,1.0
4.0229465728560285,-1.0374509639901683,0.0
-0.1432781247640449,2.6468420108750417,0.0
-3.2742109339566445,-0.6622438958519377,1.0
1.2774933065225476,1.5320335770238334,1.0
4.819840640552462,2.4928379254410906,1.0
3.3196808924714745,-1.6300149804401374,0.0
-5.70228803948921,-0.6973564178662572,0.0
-4.30141378814612,1.2623258846297887,1.0
1.933567041908601,-2.736170150271271,0.0
4.039125349571414,-1.5075404022529064,0.0
-0.8132750941074933,1.007602412734455,0.0
-0.8469745577729597,-0.3522731832003396,0.0
-5.2124640559711155,-0.5913387044399769,0.0
3.178174718639802,2.491058023119587,0.0
-1.0380343552395388,-0.4584850387255268,0.0
2.431525275883825,2.6566320066316598,1.0
-2.7952687171276773,-0.35913476077237894,0.0
3.551678922627614,0.6581614162442309,0.0
-4.672963872432543,0.7663964133735943,1.0
-3.7590445848320773,0.06129560447042515,1.0
0.3492392119252621,2.257220173349909,0.0
-0.4500687118507418,-1.3233454665846347,1.0
-3.228403821407621,2.245511260106017,1.0
-3.9478697469812594,-0.44478863470113783,1.0
-3.753922620876636,1.6398242406862522,0.0
-0.3075283203045718,-0.8931378566591279,1.0
-1.6668043124823981,2.113285240337877,0.0
0.6452874515332567,1.3072071067875815,0.0
4.764462195008214,2.4104500562438522,1.0
-2.057891347945642,2.7147075788783113,0.0
-5.701489415824735,-0.7389866339030062,0.0
4.749586290106098,-1.3521787210981024,1.0
-2.7230225961441796,-1.1842662895086677,0.0
1.3477606181630666,-0.3700033463138772,0.0
2.720818036240111,2.3694638553879948,0.0
2.090392499314328,-1.773199678814547,0.0
5.192182828326025,-1.413042759915129,1.0
-4.2012684560621025,-2.4601963268342346,0.0
0.7606048879939866,-2.3174252251160894,0.0
-4.334689390648431,-1.1998171164270202,1.0
-2.620163883786434,0.6254370619928538,0.0
3.800943353672178,1.5680979372173542,0.0
-2.850186543402279,-1.5281370120841204,1.0
5.589498361283612,-2.9505825504482392,0.0
4.55664639672259,-1.8016288852655702,1.0
5.367411877077213,-0.9461562910348817,1.0
-0.7157787132809723,1.242723683666286,0.0
1.0520286176791238,-1.092364021759063,1.0
0.6459709904138826,1.3842413061773176,0.0
-5.491980649170095,-2.9328041684657755,1.0
-0.5031967311253043,-2.208980293178915,1.0
1.972131497576573,-1.715685262635395,0.0
-0.805786718451948,-1.8139743787543863,1.0
0.5818030289894942,-2.303679243692587,0.0
-5.722717766550237,-2.6932101713598167,1.0
5.451101298183719,-2.1462826883343853,1.0
2.5017390376420217,-2.5924427746630423,1.0
-4.702075773177814,0.053257508456008296,0.0
-0.421548838147876,2.7094818566392176,0.0
5.338025436248849,1.6776518552547905,1.0
1.225221961528197,-0.2702380956419339,0.0
-1.7258575880589468,2.6825252818533327,0.0
1.234905737096227,0.4744351661159669,1.0
-3.2171865387730216,-2.7198130926893214,0.0
5.342262957114533,-1.1175884469320765,1.0
-0.6889317201064955,-2.312160338485759,1.0
4.0430919589115035,-2.8342090028644162,0.0
4.007889145189157,-2.158289923272199,0.0
4.638769351573824,1.3786358240169445,1.0
-4.023956849912339,0.3949079571568088,1.0
-2.2481242277373665,-1.9306014065304993,0.0
4.3101863929333,-0.5788634009566236,0.0
-1.21747542761541,-1.98067995116028,0.0
-1.4032118869706558,2.2297010779731012,0.0
-1.642455474124369,2.7096213749987283,0.0
5.3557067905006495,-2.130608044155924,1.0
-3.8722649577282615,2.1760444219913353,0.0
-1.2868689729033695,-2.973756106301944,1.0
-2.713538163535548,0.58577395917336,0.0
3.5911915915196158,-2.199668297440443,0.0
-4.673503626999176,2.53255592143399,0.0
3.0137804138709914,0.5386776046684707,0.0
3.230241479951136,-0.4268738321601693,0.0
3.1014689677095184,-0.7691820523527855,1.0
-3.0708651300887717,1.3740805277578119,1.0
-0.9639324941127807,2.888262625957169,0.0
-1.8061778123027885,2.530364523186396,0.0
5.1955505828049535,-1.5488823176115232,1.0
3.5786541790561603,-0.4015529691326094,0.0
5.010296726764176,-0.2992543641885672,1.0
2.931644608048394,-0.19819554501721282,1.0
-3.266390931445726,-1.8038992263318823,1.0
-0.8948256689238532,1.532967942085289,0.0
1.2608578221692017,1.1317757394032597,1.0
-2.6120837912166905,-0.11138792425436694,0.0
-5.4672568203680765,1.9051944957487237,0.0
5.878705946878496,-0.5587256242519745,0.0
-5.86843616242148,-1.9812441626943158,0.0
1.8303225330050257,0.6724759092231549,0.0
3.4543766350265273,-1.476695934233591,0.0
3.1635829865656078,1.1279041291420189,0.0
-2.1262260274338804,0.272928888341772,0.0
-4.232714298020079,-0.2846129793865044,1.0
4.574368074667692,-0.47285172104765527,1.0
4.074800477705065,0.5415201915581664,0.0
-3.697479442771719,0.48663746818737863,1.0
0.07179994988476146,-0.608151988821696,1.0
-4.564434725807156,-0.4997480169166213,1.0
-5.126851485124474,-2.4073856916074927,1.0
-1.0090016048074073,-1.1677111081892178,0.0
5.106531910346682,-0.7457651677183765,1.0
3.0942974648652015,0.18148515819745636,0.0
2.449028023708026,-1.439304101907605,1.0
5.302859674059949,0.18053098148654367,1.0
3.975888855422996,-0.8097258391433191,0.0
-4.797463811393706,1.0422698863250925,1.0
-5.906884219950906,-0.1482421406069503,0.0
-3.686377168002489,0.764253026612173,1.0
5.753038477654226,-0.21358256207612403,0.0
3.8099790783080003,0.04670512170672625,0.0
-0.04991962675171102,2.5825409590726665,0.0
4.679590424960178,1.7148027911278465,1.0
-2.4449309601985907,0.27005049434364325,0.0
-3.31323320033178,-0.3364998117207616,0.0
-0.18944321088251215,1.989840241015985,0.0
4.7523403838999165,-0.512279625621133,1.0
-5.787546659121153,2.1706430387361273,0.0
-3.9086558579836717,0.7312917833423613,1.0
-5.700349194790426,-0.6029611484366146,0.0
5.831523625384197,-2.3958383933771814,0.0
-0.9156821760042924,-1.157100298860287,0.0
4.861057480659172,2.2160406474441308,1.0
-3.147614876325254,-2.512873277697413,1.0
1.5256607287334099,-0.9817877286977414,0.0
2.065012687272757,-2.807281463593113,0.0
-4.3992091778701266,1.1182333966358602,1.0
-3.451552136370027,2.1455260545744093,0.0
-5.296909347478374,-1.7071081032865523,1.0
5.9827229818208245,-0.4015433844792442,0.0
2.435587962535722,-1.904021706857918,1.0
1.3184248198264523,1.3566364102165114,1.0
-2.2262803696018736,1.9733826718552665,0.0
1.2410109416673993,-0.6652619423098187,0.0
0.6917087201179033,0.4605650846155456,1.0
-4.013576487673608,-0.5836057807982034,1.0
-1.8788329437660831,-0.5945836645252438,0.0
3.1333270618230955,-0.10476955519996434,0.0
5.283793838871173,-1.2379415198493828,1.0
-1.0115570605808522,1.721740862874249,0.0
0.5522951198490027,0.2821688785466865,1.0
-5.359918043937798,-0.6084020236892651,0.0
-2.75119521093921,2.996010736986692,1.0
-2.2997391524122768,2.306979208763181,0.0
2.1148048204857304,-0.9545015448474574,0.0
0.5224125404894835,2.043215279695163,0.0
4.600419576370943,-2.037636749963129,1.0
-1.925122305501965,-0.98866091871857,0.0
-5.495462447088664,0.589426559111379,0.0
4.2578406359062555,-0.7105536730468933,0.0
2.8804313398101247,0.7662024816044397,0.0
-1.4922151740839897,-2.1536412030462175,0.0
2.511886233311607,2.1273910136474425,1.0
2.230253908817902,-2.8927290957910916,0.0
-3.405205267308105,-2.5831200906988085,0.0
0.8446331949147208,1.538866073042474,1.0
-4.673049755176087,2.0300269235603112,1.0
0.6661077407457983,1.1398140728503492,1.0
5.656822183303754,-2.497914070513816,0.0
4.81468827573347,-2.2433838240755444,1.0
-1.284494320359813,2.108632177986686,0.0
4.875050840854419,0.03823004127087204,1.0
1.1292556593051017,1.248884007591343,1.0
3.99310402143257,-2.270932982774003,0.0
3.7208316987507324,-0.11234309693029942,0.0
-0.5925188987019716,-0.4566014880180105,0.0
0.11053902295251117,2.670303320367621,0.0
0.5784452735058192,2.7190652295788356,0.0
-3.836518432612313,1.3448158729957989,0.0
3.746874463304966,1.0747729880091716,0.0
1.2830673627184845,0.3888766865170936,0.0
4.331165790944352,1.9298795829870006,0.0
-4.532535345832805,2.091525942185269,0.0
-1.0311765667146897,-1.4778190200251353,0.0
4.437222816167111,-0.4078512021975502,0.0
3.7003762821218,-1.419578328264933,0.0
-5.952848142933386,-0.027244842582333728,0.0
-4.797260920285389,1.5262557331494584,1.0
-2.6870983671670756,-0.3381261203791279,0.0
-4.9555972189013495,-1.280044509316484,1.0
3.3778829191028628,-2.0904725285860835,0.0
1.7659147335234886,2.5045551168270066,1.0
2.158041117092644,1.8661301357533606,1.0
-4.6923404483530105,-1.4956090439876732,1.0
4.734466226887093,1.2906336817085355,1.0
1.6746459165277336,0.9826004167302003,0.0
-1.029593348344279,-2.732660210294081,1.0
3.4132985048487487,1.0722794172921226,0.0
-0.3263464306473036,2.398557692209545,0.0
-1.9660840201788137,-1.2340695346125845,0.0
4.473555900953315,1.781925928553913,0.0
0.179757727780137,-2.2155915632529,0.0
-3.4191423424193705,0.9373679424528398,1.0
-1.3795051459150596,2.018839149995827,0.0
5.39946011198645,1.8338215516495096,1.0
-1.4694549240533146,1.7321185753885446,0.0
-1.782699918351799,-1.9973994734061966,0.0
-5.599281541609711,-0.6856997234338795,0.0
4.842711644367382,-1.566080473465941,1.0
-3.521842020842592,2.8189247114462415,0.0
-5.699950645792894,1.7146929023625255,0.0
-2.143560531109556,-2.775072258782044,1.0
5.013630482515003,-2.162146018742498,1.0
0.6213514047083448,-1.3556747554227133,1.0
-5.217686373783708,-2.7004650860197255,1.0
-4.6133196139639345,-2.5717979166637197,0.0
3.1266973862390746,-0.08660278629942475,0.0
-1.8852949038122437,-0.489786539207957,0.0
5.1473608268714806,2.464510876428883,1.0
2.5881177614709223,2.3080942645301263,1.0
-2.1642236689485026,-0.7133440439503032,0.0
1.364546182250736,0.7417556837835848,1.0
-0.21960194385190857,-0.5960529093722804,1.0
5.834163739304341,1.9267417567063463,0.0
-0.7802376253434575,1.3637548634374106,0.0
-2.765259680970486,-2.3989840425760205,1.0
-1.7708276933671119,-0.582163199259635,0.0
-5.80155450527195,1.8887520098153763,0.0
-1.6896791713298214,0.48250899468088226,0.0
-5.112441752748529,-1.9500190274964961,1.0
4.676324703930719,0.6521251672968047,1.0
5.403408602045827,2.992500206347902,1.0
-1.537678616002868,-1.2071816155003523,0.0
4.300272661909162,2.991668562224725,0.0
1.555694810789488,1.7708443350691336,1.0
3.380950305783294,-0.867961750682718,0.0
0.8912445630850465,1.9983416475852813,0.0
2.2573665151326665,-2.8730171161077704,0.0
-1.9595319732295984,-2.133145820432368,0.0
-3.204333455063531,2.432936864947954,1.0
-5.557280533070783,-1.6811957282284575,0.0
-2.2851677731412225,0.701304431798369,0.0
0.409220281030386,-1.6903831028796834,0.0
-4.0291071933221465,-1.5792117924232871,0.0
0.030355520419867332,-1.3729332857327794,1.0
5.371230019292666,-0.2168086714269144,1.0
-5.294447801464355,1.3755984350197998,0.0
-2.0538565414921246,0.9209335923494852,0.0
-2.644867553721216,0.42446245039991926,0.0
3.265830057689577,2.5680524506473237,0.0
-2.8664742668030754,-0.990858294006113,0.0
-0.4288029565687239,2.563049026415933,0.0
4.816642281727885,-2.4607303193961716,1.0
-4.41684209095427,-0.02694493601617065,1.0
-4.720568726334918,-0.926514759907815,1.0
-4.219375461390268,0.816242130791315,1.0
5.393945180869942,2.980402621766289,1.0
-1.4971064100370217,0.5940758226876737,0.0
4.275211842288975,-2.295227563221696,0.0
2.2747729326235806,-0.5469380296495903,1.0
-3.526246076638031,-0.5834782875153479,1.0
-5.088476556420998,1.1724428915358347,0.0
-2.967087975018563,-1.131566129730732,1.0
-4.5470244211024475,2.18795468333935,0.0
-0.0786686486071364,0.43288126671840166,0.0
0.8331921971382554,-0.5370413127519496,0.0
-3.6896410147423264,1.4707964909903994,1.0
-4.475324815707908,-2.376757258327137,0.0
2.52174045115804,-1.746977877288097,1.0
-2.318726983766012,-0.1486351979895586,0.0
-0.6077841992454456,1.2514747503899954,0.0
1.481181521320332,0.8663769736911942,0.0
2.568651967865488,-1.244323635459208,1.0
-2.1320002583943163,-0.37201351262667526,0.0
-2.310453923597687,2.90962721382518,1.0
3.7686231170571567,-2.0120718704638225,0.0
-5.932870129417566,-2.743300390516393,0.0
-3.071238587484897,-2.3142522849788607,1.0
0.40005737871086566,2.1479713363641517,0.0
2.8410026509587283,-1.7063456215068575,1.0
-1.20840892769057,0.04736525718766593,0.0
3.722470194040026,2.034729618636989,0.0
4.916619742893312,0.05547150301725079,1.0
2.3312969572303555,-2.329197772596377,0.0
0.7834675194477851,-1.5078491431731893,0.0
-0.8193973796806668,0.8043030498403163,0.0
-2.916168745754627,-2.6868896532194335,1.0
-5.87719372309491,-2.8670427867328705,1.0
-5.899803149834764,-2.337869660652747,0.0
-3.1261354251584414,-1.672670914906205,1.0
5.84155913015876,-1.1639633687463407,0.0
-4.47095059968721,0.27337526500654796,1.0
4.2954894647701,1.068362260726051,0.0
-2.4470149303745963,0.36969695874872954,0.0
2.5782716904049092,1.3686269542064542,1.0
1.9984614635722657,2.224862548653708,1.0
4.441265500129251,0.4736193564420197,0.0
-0.8417235706654527,0.8494217733905991,0.0
3.818544016445557,-2.9660873709528914,0.0
5.903964108178213,-1.9026373660248046,0.0
-0.35701217208028524,2.2321784090572,0.0
-3.2995152114696076,-0.13922865659770078,0.0
-4.409013837825849,-0.6295420476708444,1.0
-3.8743745424839697,-0.818233507373058,1.0
-1.5184293984873358,2.9590247375899965,0.0
5.937756351645266,-2.3112823280363255,0.0
2.7116253519401674,-2.6895271219853933,1.0
-5.6376958159537365,-2.367996634530214,1.0
5.585827884095208,2.6451812873681844,0.0
-3.6728661566318346,-2.029965986677731,0.0
-3.113578961808636,0.09328196445085268,0.0
0.8364555844249182,-1.670439417363316,0.0
3.0794734570793416,-1.1426809835840954,1.0
5.065575906352924,0.9403362387403833,1.0
-0.7637856683566593,1.7394720102170727,0.0
3.814975512559977,-1.257110366346338,0.0
-1.9234254739669883,2.61573092237162,0.0
-4.023107539640737,-2.747097498222395,0.0
-0.5513361286854099,1.8072594014617733,0.0
3.2600172757289485,2.5171837734769955,0.0
0.39840797242848325,-2.3996119706008,0.0
1.0642676920321925,1.6703736861192695,1.0
-4.880062556762083,-1.9640555934144615,1.0
-5.852512066131949,0.5619154766808623,0.0
4.6408127033508535,1.0239798960125972,1.0
5.784481051091785,-2.621798085001431,0.0
4.836013021817955,1.8844097243200846,1.0
-2.229101754005941,2.8411593110235103,1.0
-2.5447470219430195,2.335828342969311,1.0
4.568982924890273,1.5459456996178353,1.0
0.7616456857542229,-2.2799835022986716,0.0
0.38366081395797913,-0.8592224660703929,1.0
3.506604397864221,1.5487752389810696,0.0
4.927350088471263,-2.911019025409753,1.0
3.709238601876553,2.630772318748013,0.0
3.4716053892978014,-2.2188332407777995,0.0
-5.024650741909348,-2.874928561153795,1.0
1.5449427099368522,0.778035911159324,0.0
5.842964570618548,-0.6117409553754256,0.0
-2.017124581230039,0.7465495631063548,0.0
3.9073040700911275,2.6206436971380107,0.0
3.6374899941484635,-0.4399561163051713,0.0
1.6189708237447693,2.1377959602967014,1.0
-0.11268374025912653,-1.6998801377676438,1.0
-3.9633187230255245,-2.9990535325316596,0.0
2.618855939775411,-2.333416746924057,1.0
-3.073930803648715,-1.2127420108632398,1.0
0.7245583216412204,-0.6122563362253848,0.0
2.096087904277942,-2.666168044027784,0.0
-4.512729668826727,-0.004730978800399743,0.0
-1.9564225458380422,-1.2251198234918417,0.0
-5.195663051549728,2.3743150484880085,1.0
2.301823033500609,-2.270291059082104,0.0
-5.219448507154313,2.849235200587458,1.0
2.174070605274059,-0.49526357343755123,1.0
2.4207724890694173,1.5379907188809545,1.0
3.359546428665352,-0.13273616608165417,0.0
-0.8414069025018236,-2.933831494386598,1.0
5.118685381702056,0.6198472703336586,1.0
-3.5621527537203828,2.51762051652862,0.0
4.9791828212435565,2.935104986196576,1.0
4.488678757667746,2.9867063269203884,0.0
-3.063765742520729,2.0534975111954044,1.0
3.8763397055491744,-1.6143578446755975,0.0
-4.818749411988111,2.8765230820655976,0.0
-2.4477053817526757,2.225350742806836,1.0
-5.950474143904753,-2.8738511566823868,0.0
-0.4095442956435793,-1.5677118963896186,1.0
2.278095401231571,0.393385953407726,1.0
-5.070170430594103,-2.0242302221056976,1.0
-1.3434087592990291,-1.886375616267401,0.0
3.5066681669271436,-0.5035785866803195,0.0
-4.878817597890009,-0.09394258636725095,0.0
-4.9099418272630295,-2.2263761674810967,1.0
-3.1246820156615365,2.157166231484939,1.0
5.095350387995662,1.9575463759924148,1.0
-1.9910733909858331,-1.36532135334701,0.0
0.5898682894828706,1.3311189631986737,0.0
5.920473457922098,-2.2105757287264427,0.0
-5.408496011714346,1.166135333971626,0.0
3.9867094020468663,2.078092679198539,0.0
2.141562588925929,2.724094824715122,1.0
0.13205716253504285,2.4828887900172747,0.0
5.613745643898277,2.082944742018647,0.0
-2.2828972408965527,-1.8227060929782284,0.0
0.5774407797818206,-0.28191149771886925,1.0
4.533100106312796,-2.399809973597078,1.0
-2.9071192642617767,1.5107936671122513,1.0
-4.860160260272254,-1.0754135158697988,1.0
-1.3541352713522024,0.7355627793761399,0.0
-4.102408251367625,2.163626942098257,0.0
-0.6294931744047094,2.502130271283339,0.0
-0.38556103639282036,-1.3497584463555998,1.0
-4.298054055747901,-2.9775294317322913,0.0
0.3858898198180274,-2.3570598184384597,0.0
-1.2992668364258613,0.5356305674225199,0.0
-2.6917692371675965,-1.9486542458033085,1.0
3.2966594713121005,2.6807470336897232,0.0
-4.794714985656408,-2.066458053689953,1.0
5.520151887032624,-2.773294669126522,0.0
5.731588038605667,-2.9721331014900674,0.0
4.484023867815976,-1.1560489140735029,0.0
5.263066298127558,-1.0983282681864872,1.0
